/*
 Navicat Premium Data Transfer

 Source Server         : 127.0.0.1
 Source Server Type    : MySQL
 Source Server Version : 80044
 Source Host           : localhost:3306
 Source Schema         : ai-video

 Target Server Type    : MySQL
 Target Server Version : 80044
 File Encoding         : 65001

 Date: 19/05/2026 13:01:01
*/

SET NAMES utf8mb4;
SET FOREIGN_KEY_CHECKS = 0;

-- ----------------------------
-- Table structure for ai_chat_config
-- ----------------------------
DROP TABLE IF EXISTS `ai_chat_config`;
CREATE TABLE `ai_chat_config`  (
  `chat_config_id` bigint NOT NULL AUTO_INCREMENT COMMENT '配置主键',
  `user_id` bigint NOT NULL COMMENT '用户ID',
  `temperature` float NULL DEFAULT NULL COMMENT '默认温度',
  `add_history_to_context` char(1) CHARACTER SET utf8mb4 COLLATE utf8mb4_croatian_ci NULL DEFAULT '0' COMMENT '是否添加历史记录(0是, 1否)',
  `num_history_runs` int NULL DEFAULT NULL COMMENT '历史记录条数',
  `system_prompt` text CHARACTER SET utf8mb4 COLLATE utf8mb4_croatian_ci NULL COMMENT '系统提示词',
  `metrics_default_visible` char(1) CHARACTER SET utf8mb4 COLLATE utf8mb4_croatian_ci NULL DEFAULT '0' COMMENT '默认显示指标(0是, 1否)',
  `vision_enabled` char(1) CHARACTER SET utf8mb4 COLLATE utf8mb4_croatian_ci NULL DEFAULT '1' COMMENT '是否开启视觉(0是, 1否)',
  `image_max_size_mb` int NULL DEFAULT NULL COMMENT '图片最大大小(MB)',
  `create_time` datetime NULL DEFAULT NULL COMMENT '创建时间',
  `update_time` datetime NULL DEFAULT NULL COMMENT '更新时间',
  PRIMARY KEY (`chat_config_id`) USING BTREE,
  UNIQUE INDEX `user_id`(`user_id` ASC) USING BTREE
) ENGINE = InnoDB AUTO_INCREMENT = 1 CHARACTER SET = utf8mb4 COLLATE = utf8mb4_croatian_ci COMMENT = 'AI对话配置表' ROW_FORMAT = Dynamic;

-- ----------------------------
-- Records of ai_chat_config
-- ----------------------------

-- ----------------------------
-- Table structure for ai_models
-- ----------------------------
DROP TABLE IF EXISTS `ai_models`;
CREATE TABLE `ai_models`  (
  `model_id` bigint NOT NULL AUTO_INCREMENT COMMENT '模型主键',
  `model_code` varchar(100) CHARACTER SET utf8mb4 COLLATE utf8mb4_croatian_ci NOT NULL COMMENT '模型编码',
  `model_name` varchar(100) CHARACTER SET utf8mb4 COLLATE utf8mb4_croatian_ci NULL DEFAULT NULL COMMENT '模型名称',
  `provider` varchar(50) CHARACTER SET utf8mb4 COLLATE utf8mb4_croatian_ci NOT NULL COMMENT '提供商',
  `model_sort` int NOT NULL COMMENT '显示顺序',
  `api_key` varchar(255) CHARACTER SET utf8mb4 COLLATE utf8mb4_croatian_ci NULL DEFAULT NULL COMMENT 'API Key',
  `base_url` varchar(255) CHARACTER SET utf8mb4 COLLATE utf8mb4_croatian_ci NULL DEFAULT NULL COMMENT 'Base URL',
  `model_type` varchar(50) CHARACTER SET utf8mb4 COLLATE utf8mb4_croatian_ci NULL DEFAULT NULL COMMENT '模型类型',
  `max_tokens` int NULL DEFAULT NULL COMMENT '最大输出token',
  `temperature` float NULL DEFAULT NULL COMMENT '默认温度',
  `support_reasoning` char(1) CHARACTER SET utf8mb4 COLLATE utf8mb4_croatian_ci NULL DEFAULT 'N' COMMENT '是否支持推理',
  `support_images` char(1) CHARACTER SET utf8mb4 COLLATE utf8mb4_croatian_ci NULL DEFAULT 'N' COMMENT '是否支持图片',
  `status` char(1) CHARACTER SET utf8mb4 COLLATE utf8mb4_croatian_ci NULL DEFAULT '0' COMMENT '模型状态',
  `user_id` bigint NULL DEFAULT NULL COMMENT '用户ID',
  `dept_id` bigint NULL DEFAULT NULL COMMENT '部门ID',
  `create_by` varchar(64) CHARACTER SET utf8mb4 COLLATE utf8mb4_croatian_ci NULL DEFAULT '' COMMENT '创建者',
  `create_time` datetime NULL DEFAULT NULL COMMENT '创建时间',
  `update_by` varchar(64) CHARACTER SET utf8mb4 COLLATE utf8mb4_croatian_ci NULL DEFAULT '' COMMENT '更新者',
  `update_time` datetime NULL DEFAULT NULL COMMENT '更新时间',
  `remark` varchar(500) CHARACTER SET utf8mb4 COLLATE utf8mb4_croatian_ci NULL DEFAULT NULL COMMENT '备注',
  PRIMARY KEY (`model_id`) USING BTREE
) ENGINE = InnoDB AUTO_INCREMENT = 1 CHARACTER SET = utf8mb4 COLLATE = utf8mb4_croatian_ci COMMENT = 'AI模型表' ROW_FORMAT = Dynamic;

-- ----------------------------
-- Records of ai_models
-- ----------------------------

-- ----------------------------
-- Table structure for apscheduler_jobs
-- ----------------------------
DROP TABLE IF EXISTS `apscheduler_jobs`;
CREATE TABLE `apscheduler_jobs`  (
  `id` varchar(191) CHARACTER SET utf8mb4 COLLATE utf8mb4_croatian_ci NOT NULL,
  `next_run_time` double NULL DEFAULT NULL,
  `job_state` blob NOT NULL,
  PRIMARY KEY (`id`) USING BTREE,
  INDEX `ix_apscheduler_jobs_next_run_time`(`next_run_time` ASC) USING BTREE
) ENGINE = InnoDB CHARACTER SET = utf8mb4 COLLATE = utf8mb4_croatian_ci ROW_FORMAT = Dynamic;

-- ----------------------------
-- Records of apscheduler_jobs
-- ----------------------------

-- ----------------------------
-- Table structure for drama
-- ----------------------------
DROP TABLE IF EXISTS `drama`;
CREATE TABLE `drama`  (
  `drama_id` bigint NOT NULL AUTO_INCREMENT,
  `title` varchar(200) CHARACTER SET utf8mb4 COLLATE utf8mb4_croatian_ci NOT NULL,
  `cover_url` varchar(1024) CHARACTER SET utf8mb4 COLLATE utf8mb4_croatian_ci NULL DEFAULT NULL,
  `description` text CHARACTER SET utf8mb4 COLLATE utf8mb4_croatian_ci NULL,
  `drama_type` varchar(32) CHARACTER SET utf8mb4 COLLATE utf8mb4_croatian_ci NOT NULL DEFAULT 'comic_drama',
  `status` varchar(32) CHARACTER SET utf8mb4 COLLATE utf8mb4_croatian_ci NOT NULL DEFAULT 'draft',
  `sort` int NOT NULL DEFAULT 0,
  `create_by` varchar(64) CHARACTER SET utf8mb4 COLLATE utf8mb4_croatian_ci NULL DEFAULT '',
  `create_time` datetime NULL DEFAULT NULL,
  `update_by` varchar(64) CHARACTER SET utf8mb4 COLLATE utf8mb4_croatian_ci NULL DEFAULT '',
  `update_time` datetime NULL DEFAULT NULL,
  `remark` varchar(500) CHARACTER SET utf8mb4 COLLATE utf8mb4_croatian_ci NULL DEFAULT NULL,
  `tags` varchar(512) CHARACTER SET utf8mb4 COLLATE utf8mb4_croatian_ci NULL DEFAULT NULL COMMENT '标签 JSON 或逗号分隔',
  `heat` int NOT NULL DEFAULT 0 COMMENT '热度',
  PRIMARY KEY (`drama_id`) USING BTREE
) ENGINE = InnoDB AUTO_INCREMENT = 1 CHARACTER SET = utf8mb4 COLLATE = utf8mb4_croatian_ci COMMENT = '短剧' ROW_FORMAT = Dynamic;

-- ----------------------------
-- Records of drama
-- ----------------------------

-- ----------------------------
-- Table structure for drama_ad
-- ----------------------------
DROP TABLE IF EXISTS `drama_ad`;
CREATE TABLE `drama_ad`  (
  `ad_id` bigint NOT NULL AUTO_INCREMENT,
  `title` varchar(200) CHARACTER SET utf8mb4 COLLATE utf8mb4_croatian_ci NOT NULL,
  `media_type` varchar(16) CHARACTER SET utf8mb4 COLLATE utf8mb4_croatian_ci NOT NULL DEFAULT 'image' COMMENT 'image/video',
  `media_url` varchar(1024) CHARACTER SET utf8mb4 COLLATE utf8mb4_croatian_ci NULL DEFAULT NULL COMMENT '主素材',
  `image_url` varchar(1024) CHARACTER SET utf8mb4 COLLATE utf8mb4_croatian_ci NULL DEFAULT NULL COMMENT '兼容旧字段',
  `cover_url` varchar(1024) CHARACTER SET utf8mb4 COLLATE utf8mb4_croatian_ci NULL DEFAULT NULL COMMENT '视频封面',
  `link_url` varchar(1024) CHARACTER SET utf8mb4 COLLATE utf8mb4_croatian_ci NULL DEFAULT NULL,
  `slot_type` varchar(32) CHARACTER SET utf8mb4 COLLATE utf8mb4_croatian_ci NOT NULL DEFAULT 'feed',
  `weight` int NOT NULL DEFAULT 0,
  `start_time` datetime NULL DEFAULT NULL,
  `end_time` datetime NULL DEFAULT NULL,
  `impression_count` bigint NOT NULL DEFAULT 0,
  `click_count` bigint NOT NULL DEFAULT 0,
  `status` char(1) CHARACTER SET utf8mb4 COLLATE utf8mb4_croatian_ci NOT NULL DEFAULT '0',
  `create_time` datetime NULL DEFAULT NULL,
  PRIMARY KEY (`ad_id`) USING BTREE
) ENGINE = InnoDB AUTO_INCREMENT = 1 CHARACTER SET = utf8mb4 COLLATE = utf8mb4_croatian_ci COMMENT = '短剧广告' ROW_FORMAT = Dynamic;

-- ----------------------------
-- Records of drama_ad
-- ----------------------------

-- ----------------------------
-- Table structure for drama_app_user
-- ----------------------------
DROP TABLE IF EXISTS `drama_app_user`;
CREATE TABLE `drama_app_user`  (
  `user_id` bigint NOT NULL AUTO_INCREMENT COMMENT '用户ID',
  `user_name` varchar(64) CHARACTER SET utf8mb4 COLLATE utf8mb4_croatian_ci NOT NULL COMMENT '登录账号',
  `nick_name` varchar(64) CHARACTER SET utf8mb4 COLLATE utf8mb4_croatian_ci NOT NULL COMMENT '昵称',
  `password` varchar(100) CHARACTER SET utf8mb4 COLLATE utf8mb4_croatian_ci NOT NULL COMMENT '密码hash',
  `avatar` varchar(512) CHARACTER SET utf8mb4 COLLATE utf8mb4_croatian_ci NULL DEFAULT '' COMMENT '头像',
  `status` char(1) CHARACTER SET utf8mb4 COLLATE utf8mb4_croatian_ci NOT NULL DEFAULT '0' COMMENT '0正常1停用',
  `create_time` datetime NULL DEFAULT NULL,
  `update_time` datetime NULL DEFAULT NULL,
  PRIMARY KEY (`user_id`) USING BTREE,
  UNIQUE INDEX `uk_drama_app_user_name`(`user_name` ASC) USING BTREE
) ENGINE = InnoDB AUTO_INCREMENT = 1 CHARACTER SET = utf8mb4 COLLATE = utf8mb4_croatian_ci COMMENT = '短剧 C 端用户' ROW_FORMAT = Dynamic;

-- ----------------------------
-- Records of drama_app_user
-- ----------------------------

-- ----------------------------
-- Table structure for drama_comment
-- ----------------------------
DROP TABLE IF EXISTS `drama_comment`;
CREATE TABLE `drama_comment`  (
  `comment_id` bigint NOT NULL AUTO_INCREMENT,
  `app_user_id` bigint NOT NULL,
  `drama_id` bigint NOT NULL,
  `node_id` bigint NULL DEFAULT NULL,
  `content` text CHARACTER SET utf8mb4 COLLATE utf8mb4_croatian_ci NOT NULL,
  `status` char(1) CHARACTER SET utf8mb4 COLLATE utf8mb4_croatian_ci NOT NULL DEFAULT '0',
  `create_time` datetime NULL DEFAULT NULL,
  PRIMARY KEY (`comment_id`) USING BTREE,
  INDEX `idx_dc_drama`(`drama_id` ASC) USING BTREE
) ENGINE = InnoDB AUTO_INCREMENT = 1 CHARACTER SET = utf8mb4 COLLATE = utf8mb4_croatian_ci COMMENT = '评论' ROW_FORMAT = Dynamic;

-- ----------------------------
-- Records of drama_comment
-- ----------------------------

-- ----------------------------
-- Table structure for drama_upload_file
-- ----------------------------
DROP TABLE IF EXISTS `drama_upload_file`;
CREATE TABLE `drama_upload_file`  (
  `file_id` bigint NOT NULL AUTO_INCREMENT,
  `object_key` varchar(512) CHARACTER SET utf8mb4 COLLATE utf8mb4_croatian_ci NOT NULL,
  `bucket` varchar(256) CHARACTER SET utf8mb4 COLLATE utf8mb4_croatian_ci NOT NULL,
  `mime_type` varchar(128) CHARACTER SET utf8mb4 COLLATE utf8mb4_croatian_ci NULL DEFAULT NULL,
  `size_bytes` bigint NULL DEFAULT NULL,
  `drama_id` bigint NULL DEFAULT NULL,
  `node_id` bigint NULL DEFAULT NULL,
  `status` varchar(32) CHARACTER SET utf8mb4 COLLATE utf8mb4_croatian_ci NOT NULL DEFAULT 'pending',
  `create_by` varchar(64) CHARACTER SET utf8mb4 COLLATE utf8mb4_croatian_ci NULL DEFAULT '',
  `create_time` datetime NULL DEFAULT NULL,
  PRIMARY KEY (`file_id`) USING BTREE
) ENGINE = InnoDB AUTO_INCREMENT = 1 CHARACTER SET = utf8mb4 COLLATE = utf8mb4_croatian_ci COMMENT = '上传文件记录' ROW_FORMAT = Dynamic;

-- ----------------------------
-- Records of drama_upload_file
-- ----------------------------

-- ----------------------------
-- Table structure for drama_user_choice_log
-- ----------------------------
DROP TABLE IF EXISTS `drama_user_choice_log`;
CREATE TABLE `drama_user_choice_log`  (
  `log_id` bigint NOT NULL AUTO_INCREMENT,
  `app_user_id` bigint NOT NULL,
  `drama_id` bigint NOT NULL,
  `from_node_id` bigint NULL DEFAULT NULL,
  `choice_id` bigint NOT NULL,
  `to_node_id` bigint NOT NULL,
  `create_time` datetime NULL DEFAULT NULL,
  PRIMARY KEY (`log_id`) USING BTREE
) ENGINE = InnoDB AUTO_INCREMENT = 1 CHARACTER SET = utf8mb4 COLLATE = utf8mb4_croatian_ci COMMENT = '分支选择记录' ROW_FORMAT = Dynamic;

-- ----------------------------
-- Records of drama_user_choice_log
-- ----------------------------

-- ----------------------------
-- Table structure for drama_user_favorite
-- ----------------------------
DROP TABLE IF EXISTS `drama_user_favorite`;
CREATE TABLE `drama_user_favorite`  (
  `fav_id` bigint NOT NULL AUTO_INCREMENT,
  `app_user_id` bigint NOT NULL,
  `drama_id` bigint NOT NULL,
  `create_time` datetime NULL DEFAULT NULL,
  PRIMARY KEY (`fav_id`) USING BTREE,
  UNIQUE INDEX `uq_drama_fav_user_drama`(`app_user_id` ASC, `drama_id` ASC) USING BTREE
) ENGINE = InnoDB AUTO_INCREMENT = 1 CHARACTER SET = utf8mb4 COLLATE = utf8mb4_croatian_ci COMMENT = '收藏' ROW_FORMAT = Dynamic;

-- ----------------------------
-- Records of drama_user_favorite
-- ----------------------------

-- ----------------------------
-- Table structure for drama_user_like
-- ----------------------------
DROP TABLE IF EXISTS `drama_user_like`;
CREATE TABLE `drama_user_like`  (
  `like_id` bigint NOT NULL AUTO_INCREMENT,
  `app_user_id` bigint NOT NULL,
  `target_type` varchar(32) CHARACTER SET utf8mb4 COLLATE utf8mb4_croatian_ci NOT NULL,
  `target_id` bigint NOT NULL,
  `create_time` datetime NULL DEFAULT NULL,
  PRIMARY KEY (`like_id`) USING BTREE,
  UNIQUE INDEX `uq_drama_like_target`(`app_user_id` ASC, `target_type` ASC, `target_id` ASC) USING BTREE
) ENGINE = InnoDB AUTO_INCREMENT = 1 CHARACTER SET = utf8mb4 COLLATE = utf8mb4_croatian_ci COMMENT = '点赞' ROW_FORMAT = Dynamic;

-- ----------------------------
-- Records of drama_user_like
-- ----------------------------

-- ----------------------------
-- Table structure for drama_user_watch_history
-- ----------------------------
DROP TABLE IF EXISTS `drama_user_watch_history`;
CREATE TABLE `drama_user_watch_history`  (
  `history_id` bigint NOT NULL AUTO_INCREMENT,
  `app_user_id` bigint NOT NULL,
  `drama_id` bigint NOT NULL,
  `node_id` bigint NULL DEFAULT NULL,
  `progress_sec` int NOT NULL DEFAULT 0,
  `update_time` datetime NULL DEFAULT NULL,
  PRIMARY KEY (`history_id`) USING BTREE,
  UNIQUE INDEX `uq_drama_watch_user_drama`(`app_user_id` ASC, `drama_id` ASC) USING BTREE
) ENGINE = InnoDB AUTO_INCREMENT = 1 CHARACTER SET = utf8mb4 COLLATE = utf8mb4_croatian_ci COMMENT = '观看进度' ROW_FORMAT = Dynamic;

-- ----------------------------
-- Records of drama_user_watch_history
-- ----------------------------

-- ----------------------------
-- Table structure for drama_video_choice
-- ----------------------------
DROP TABLE IF EXISTS `drama_video_choice`;
CREATE TABLE `drama_video_choice`  (
  `choice_id` bigint NOT NULL AUTO_INCREMENT,
  `node_id` bigint NOT NULL,
  `choice_code` varchar(8) CHARACTER SET utf8mb4 COLLATE utf8mb4_croatian_ci NULL DEFAULT NULL COMMENT '选项编码 A/B/C',
  `label` varchar(200) CHARACTER SET utf8mb4 COLLATE utf8mb4_croatian_ci NOT NULL,
  `next_node_id` bigint NOT NULL,
  `sort` int NOT NULL DEFAULT 0,
  `create_time` datetime NULL DEFAULT NULL,
  PRIMARY KEY (`choice_id`) USING BTREE,
  INDEX `idx_dvc_node`(`node_id` ASC) USING BTREE
) ENGINE = InnoDB AUTO_INCREMENT = 1 CHARACTER SET = utf8mb4 COLLATE = utf8mb4_croatian_ci COMMENT = '分支选项' ROW_FORMAT = Dynamic;

-- ----------------------------
-- Records of drama_video_choice
-- ----------------------------

-- ----------------------------
-- Table structure for drama_video_node
-- ----------------------------
DROP TABLE IF EXISTS `drama_video_node`;
CREATE TABLE `drama_video_node`  (
  `node_id` bigint NOT NULL AUTO_INCREMENT,
  `drama_id` bigint NOT NULL,
  `parent_node_id` bigint NULL DEFAULT NULL,
  `title` varchar(200) CHARACTER SET utf8mb4 COLLATE utf8mb4_croatian_ci NULL DEFAULT NULL,
  `video_url` varchar(1024) CHARACTER SET utf8mb4 COLLATE utf8mb4_croatian_ci NULL DEFAULT NULL,
  `cover_url` varchar(1024) CHARACTER SET utf8mb4 COLLATE utf8mb4_croatian_ci NULL DEFAULT NULL,
  `tos_key` varchar(512) CHARACTER SET utf8mb4 COLLATE utf8mb4_croatian_ci NULL DEFAULT NULL COMMENT 'TOS 对象键',
  `duration_sec` int NULL DEFAULT NULL,
  `episode_no` int NULL DEFAULT NULL COMMENT '集序号',
  `sort` int NOT NULL DEFAULT 0,
  `is_entry` char(1) CHARACTER SET utf8mb4 COLLATE utf8mb4_croatian_ci NOT NULL DEFAULT '0',
  `is_interactive` char(1) CHARACTER SET utf8mb4 COLLATE utf8mb4_croatian_ci NOT NULL DEFAULT '0' COMMENT '互动节点',
  `choice_trigger_sec` double NULL DEFAULT NULL COMMENT '分支弹出时刻(秒)',
  `status` varchar(32) CHARACTER SET utf8mb4 COLLATE utf8mb4_croatian_ci NOT NULL DEFAULT 'draft',
  `review_status` varchar(32) CHARACTER SET utf8mb4 COLLATE utf8mb4_croatian_ci NOT NULL DEFAULT 'pending' COMMENT 'pending/approved/rejected',
  `reject_reason` varchar(500) CHARACTER SET utf8mb4 COLLATE utf8mb4_croatian_ci NULL DEFAULT NULL COMMENT '审核拒绝原因',
  `create_time` datetime NULL DEFAULT NULL,
  `update_time` datetime NULL DEFAULT NULL,
  PRIMARY KEY (`node_id`) USING BTREE,
  INDEX `idx_dvn_drama`(`drama_id` ASC) USING BTREE
) ENGINE = InnoDB AUTO_INCREMENT = 1 CHARACTER SET = utf8mb4 COLLATE = utf8mb4_croatian_ci COMMENT = '剧情视频节点' ROW_FORMAT = Dynamic;

-- ----------------------------
-- Records of drama_video_node
-- ----------------------------

-- ----------------------------
-- Table structure for drama_video_review
-- ----------------------------
DROP TABLE IF EXISTS `drama_video_review`;
CREATE TABLE `drama_video_review`  (
  `review_id` bigint NOT NULL AUTO_INCREMENT,
  `app_user_id` bigint NOT NULL,
  `drama_id` bigint NOT NULL,
  `node_id` bigint NULL DEFAULT NULL,
  `rating` int NULL DEFAULT NULL,
  `content` text CHARACTER SET utf8mb4 COLLATE utf8mb4_croatian_ci NULL,
  `status` varchar(32) CHARACTER SET utf8mb4 COLLATE utf8mb4_croatian_ci NOT NULL DEFAULT 'pending',
  `admin_remark` varchar(500) CHARACTER SET utf8mb4 COLLATE utf8mb4_croatian_ci NULL DEFAULT NULL,
  `create_time` datetime NULL DEFAULT NULL,
  `audit_time` datetime NULL DEFAULT NULL,
  PRIMARY KEY (`review_id`) USING BTREE
) ENGINE = InnoDB AUTO_INCREMENT = 1 CHARACTER SET = utf8mb4 COLLATE = utf8mb4_croatian_ci COMMENT = '用户评价审核' ROW_FORMAT = Dynamic;

-- ----------------------------
-- Records of drama_video_review
-- ----------------------------

-- ----------------------------
-- Table structure for gen_table
-- ----------------------------
DROP TABLE IF EXISTS `gen_table`;
CREATE TABLE `gen_table`  (
  `table_id` bigint NOT NULL AUTO_INCREMENT COMMENT '编号',
  `table_name` varchar(200) CHARACTER SET utf8mb4 COLLATE utf8mb4_croatian_ci NULL DEFAULT '' COMMENT '表名称',
  `table_comment` varchar(500) CHARACTER SET utf8mb4 COLLATE utf8mb4_croatian_ci NULL DEFAULT '' COMMENT '表描述',
  `sub_table_name` varchar(64) CHARACTER SET utf8mb4 COLLATE utf8mb4_croatian_ci NULL DEFAULT NULL COMMENT '关联子表的表名',
  `sub_table_fk_name` varchar(64) CHARACTER SET utf8mb4 COLLATE utf8mb4_croatian_ci NULL DEFAULT NULL COMMENT '子表关联的外键名',
  `class_name` varchar(100) CHARACTER SET utf8mb4 COLLATE utf8mb4_croatian_ci NULL DEFAULT '' COMMENT '实体类名称',
  `tpl_category` varchar(200) CHARACTER SET utf8mb4 COLLATE utf8mb4_croatian_ci NULL DEFAULT 'crud' COMMENT '使用的模板（crud单表操作 tree树表操作）',
  `tpl_web_type` varchar(30) CHARACTER SET utf8mb4 COLLATE utf8mb4_croatian_ci NULL DEFAULT '' COMMENT '前端模板类型（element-ui模版 element-plus模版）',
  `package_name` varchar(100) CHARACTER SET utf8mb4 COLLATE utf8mb4_croatian_ci NULL DEFAULT NULL COMMENT '生成包路径',
  `module_name` varchar(30) CHARACTER SET utf8mb4 COLLATE utf8mb4_croatian_ci NULL DEFAULT NULL COMMENT '生成模块名',
  `business_name` varchar(30) CHARACTER SET utf8mb4 COLLATE utf8mb4_croatian_ci NULL DEFAULT NULL COMMENT '生成业务名',
  `function_name` varchar(50) CHARACTER SET utf8mb4 COLLATE utf8mb4_croatian_ci NULL DEFAULT NULL COMMENT '生成功能名',
  `function_author` varchar(50) CHARACTER SET utf8mb4 COLLATE utf8mb4_croatian_ci NULL DEFAULT NULL COMMENT '生成功能作者',
  `gen_type` char(1) CHARACTER SET utf8mb4 COLLATE utf8mb4_croatian_ci NULL DEFAULT '0' COMMENT '生成代码方式（0zip压缩包 1自定义路径）',
  `gen_path` varchar(200) CHARACTER SET utf8mb4 COLLATE utf8mb4_croatian_ci NULL DEFAULT '/' COMMENT '生成路径（不填默认项目路径）',
  `options` varchar(1000) CHARACTER SET utf8mb4 COLLATE utf8mb4_croatian_ci NULL DEFAULT NULL COMMENT '其它生成选项',
  `create_by` varchar(64) CHARACTER SET utf8mb4 COLLATE utf8mb4_croatian_ci NULL DEFAULT '' COMMENT '创建者',
  `create_time` datetime NULL DEFAULT NULL COMMENT '创建时间',
  `update_by` varchar(64) CHARACTER SET utf8mb4 COLLATE utf8mb4_croatian_ci NULL DEFAULT '' COMMENT '更新者',
  `update_time` datetime NULL DEFAULT NULL COMMENT '更新时间',
  `remark` varchar(500) CHARACTER SET utf8mb4 COLLATE utf8mb4_croatian_ci NULL DEFAULT NULL COMMENT '备注',
  PRIMARY KEY (`table_id`) USING BTREE
) ENGINE = InnoDB AUTO_INCREMENT = 1 CHARACTER SET = utf8mb4 COLLATE = utf8mb4_croatian_ci COMMENT = '代码生成业务表' ROW_FORMAT = Dynamic;

-- ----------------------------
-- Records of gen_table
-- ----------------------------

-- ----------------------------
-- Table structure for gen_table_column
-- ----------------------------
DROP TABLE IF EXISTS `gen_table_column`;
CREATE TABLE `gen_table_column`  (
  `column_id` bigint NOT NULL AUTO_INCREMENT COMMENT '编号',
  `table_id` bigint NULL DEFAULT NULL COMMENT '归属表编号',
  `column_name` varchar(200) CHARACTER SET utf8mb4 COLLATE utf8mb4_croatian_ci NULL DEFAULT NULL COMMENT '列名称',
  `column_comment` varchar(500) CHARACTER SET utf8mb4 COLLATE utf8mb4_croatian_ci NULL DEFAULT NULL COMMENT '列描述',
  `column_type` varchar(100) CHARACTER SET utf8mb4 COLLATE utf8mb4_croatian_ci NULL DEFAULT NULL COMMENT '列类型',
  `python_type` varchar(500) CHARACTER SET utf8mb4 COLLATE utf8mb4_croatian_ci NULL DEFAULT NULL COMMENT 'PYTHON类型',
  `python_field` varchar(200) CHARACTER SET utf8mb4 COLLATE utf8mb4_croatian_ci NULL DEFAULT NULL COMMENT 'PYTHON字段名',
  `is_pk` char(1) CHARACTER SET utf8mb4 COLLATE utf8mb4_croatian_ci NULL DEFAULT NULL COMMENT '是否主键（1是）',
  `is_increment` char(1) CHARACTER SET utf8mb4 COLLATE utf8mb4_croatian_ci NULL DEFAULT NULL COMMENT '是否自增（1是）',
  `is_required` char(1) CHARACTER SET utf8mb4 COLLATE utf8mb4_croatian_ci NULL DEFAULT NULL COMMENT '是否必填（1是）',
  `is_unique` char(1) CHARACTER SET utf8mb4 COLLATE utf8mb4_croatian_ci NULL DEFAULT NULL COMMENT '是否唯一（1是）',
  `is_insert` char(1) CHARACTER SET utf8mb4 COLLATE utf8mb4_croatian_ci NULL DEFAULT NULL COMMENT '是否为插入字段（1是）',
  `is_edit` char(1) CHARACTER SET utf8mb4 COLLATE utf8mb4_croatian_ci NULL DEFAULT NULL COMMENT '是否编辑字段（1是）',
  `is_list` char(1) CHARACTER SET utf8mb4 COLLATE utf8mb4_croatian_ci NULL DEFAULT NULL COMMENT '是否列表字段（1是）',
  `is_query` char(1) CHARACTER SET utf8mb4 COLLATE utf8mb4_croatian_ci NULL DEFAULT NULL COMMENT '是否查询字段（1是）',
  `query_type` varchar(200) CHARACTER SET utf8mb4 COLLATE utf8mb4_croatian_ci NULL DEFAULT 'EQ' COMMENT '查询方式（等于、不等于、大于、小于、范围）',
  `html_type` varchar(200) CHARACTER SET utf8mb4 COLLATE utf8mb4_croatian_ci NULL DEFAULT NULL COMMENT '显示类型（文本框、文本域、下拉框、复选框、单选框、日期控件）',
  `dict_type` varchar(200) CHARACTER SET utf8mb4 COLLATE utf8mb4_croatian_ci NULL DEFAULT '' COMMENT '字典类型',
  `sort` int NULL DEFAULT NULL COMMENT '排序',
  `create_by` varchar(64) CHARACTER SET utf8mb4 COLLATE utf8mb4_croatian_ci NULL DEFAULT '' COMMENT '创建者',
  `create_time` datetime NULL DEFAULT NULL COMMENT '创建时间',
  `update_by` varchar(64) CHARACTER SET utf8mb4 COLLATE utf8mb4_croatian_ci NULL DEFAULT '' COMMENT '更新者',
  `update_time` datetime NULL DEFAULT NULL COMMENT '更新时间',
  PRIMARY KEY (`column_id`) USING BTREE
) ENGINE = InnoDB AUTO_INCREMENT = 1 CHARACTER SET = utf8mb4 COLLATE = utf8mb4_croatian_ci COMMENT = '代码生成业务表字段' ROW_FORMAT = Dynamic;

-- ----------------------------
-- Records of gen_table_column
-- ----------------------------

-- ----------------------------
-- Table structure for sys_config
-- ----------------------------
DROP TABLE IF EXISTS `sys_config`;
CREATE TABLE `sys_config`  (
  `config_id` int NOT NULL AUTO_INCREMENT COMMENT '参数主键',
  `config_name` varchar(100) CHARACTER SET utf8mb4 COLLATE utf8mb4_croatian_ci NULL DEFAULT '' COMMENT '参数名称',
  `config_key` varchar(100) CHARACTER SET utf8mb4 COLLATE utf8mb4_croatian_ci NULL DEFAULT '' COMMENT '参数键名',
  `config_value` varchar(500) CHARACTER SET utf8mb4 COLLATE utf8mb4_croatian_ci NULL DEFAULT '' COMMENT '参数键值',
  `config_type` char(1) CHARACTER SET utf8mb4 COLLATE utf8mb4_croatian_ci NULL DEFAULT 'N' COMMENT '系统内置（Y是 N否）',
  `create_by` varchar(64) CHARACTER SET utf8mb4 COLLATE utf8mb4_croatian_ci NULL DEFAULT '' COMMENT '创建者',
  `create_time` datetime NULL DEFAULT NULL COMMENT '创建时间',
  `update_by` varchar(64) CHARACTER SET utf8mb4 COLLATE utf8mb4_croatian_ci NULL DEFAULT '' COMMENT '更新者',
  `update_time` datetime NULL DEFAULT NULL COMMENT '更新时间',
  `remark` varchar(500) CHARACTER SET utf8mb4 COLLATE utf8mb4_croatian_ci NULL DEFAULT NULL COMMENT '备注',
  PRIMARY KEY (`config_id`) USING BTREE
) ENGINE = InnoDB AUTO_INCREMENT = 100 CHARACTER SET = utf8mb4 COLLATE = utf8mb4_croatian_ci COMMENT = '参数配置表' ROW_FORMAT = Dynamic;

-- ----------------------------
-- Records of sys_config
-- ----------------------------
INSERT INTO `sys_config` VALUES (1, '主框架页-默认皮肤样式名称', 'sys.index.skinName', 'skin-blue', 'Y', 'admin', '2026-05-15 18:28:14', '', NULL, '蓝色 skin-blue、绿色 skin-green、紫色 skin-purple、红色 skin-red、黄色 skin-yellow');
INSERT INTO `sys_config` VALUES (2, '用户管理-账号初始密码', 'sys.user.initPassword', '123456', 'Y', 'admin', '2026-05-15 18:28:14', '', NULL, '初始化密码 123456');
INSERT INTO `sys_config` VALUES (3, '主框架页-侧边栏主题', 'sys.index.sideTheme', 'theme-dark', 'Y', 'admin', '2026-05-15 18:28:14', '', NULL, '深色主题theme-dark，浅色主题theme-light');
INSERT INTO `sys_config` VALUES (4, '账号自助-验证码开关', 'sys.account.captchaEnabled', 'true', 'Y', 'admin', '2026-05-15 18:28:14', '', NULL, '是否开启验证码功能（true开启，false关闭）');
INSERT INTO `sys_config` VALUES (5, '账号自助-是否开启用户注册功能', 'sys.account.registerUser', 'false', 'Y', 'admin', '2026-05-15 18:28:14', '', NULL, '是否开启注册用户功能（true开启，false关闭）');
INSERT INTO `sys_config` VALUES (6, '用户登录-黑名单列表', 'sys.login.blackIPList', '', 'Y', 'admin', '2026-05-15 18:28:14', '', NULL, '设置登录IP黑名单限制，多个匹配项以;分隔，支持匹配（*通配、网段）');
INSERT INTO `sys_config` VALUES (7, '用户管理-初始密码修改策略', 'sys.account.initPasswordModify', '1', 'Y', 'admin', '2026-05-15 18:28:14', '', NULL, '0：初始密码修改策略关闭，没有任何提示，1：提醒用户，如果未修改初始密码，则在登录时就会提醒修改密码对话框');
INSERT INTO `sys_config` VALUES (8, '用户管理-账号密码更新周期', 'sys.account.passwordValidateDays', '0', 'Y', 'admin', '2026-05-15 18:28:14', '', NULL, '密码更新周期（填写数字，数据初始化值为0不限制，若修改必须为大于0小于365的正整数），如果超过这个周期登录系统时，则在登录时就会提醒修改密码对话框');

-- ----------------------------
-- Table structure for sys_dept
-- ----------------------------
DROP TABLE IF EXISTS `sys_dept`;
CREATE TABLE `sys_dept`  (
  `dept_id` bigint NOT NULL AUTO_INCREMENT COMMENT '部门id',
  `parent_id` bigint NULL DEFAULT 0 COMMENT '父部门id',
  `ancestors` varchar(50) CHARACTER SET utf8mb4 COLLATE utf8mb4_croatian_ci NULL DEFAULT '' COMMENT '祖级列表',
  `dept_name` varchar(30) CHARACTER SET utf8mb4 COLLATE utf8mb4_croatian_ci NULL DEFAULT '' COMMENT '部门名称',
  `order_num` int NULL DEFAULT 0 COMMENT '显示顺序',
  `leader` varchar(20) CHARACTER SET utf8mb4 COLLATE utf8mb4_croatian_ci NULL DEFAULT NULL COMMENT '负责人',
  `phone` varchar(11) CHARACTER SET utf8mb4 COLLATE utf8mb4_croatian_ci NULL DEFAULT NULL COMMENT '联系电话',
  `email` varchar(50) CHARACTER SET utf8mb4 COLLATE utf8mb4_croatian_ci NULL DEFAULT NULL COMMENT '邮箱',
  `status` char(1) CHARACTER SET utf8mb4 COLLATE utf8mb4_croatian_ci NULL DEFAULT '0' COMMENT '部门状态（0正常 1停用）',
  `del_flag` char(1) CHARACTER SET utf8mb4 COLLATE utf8mb4_croatian_ci NULL DEFAULT '0' COMMENT '删除标志（0代表存在 2代表删除）',
  `create_by` varchar(64) CHARACTER SET utf8mb4 COLLATE utf8mb4_croatian_ci NULL DEFAULT '' COMMENT '创建者',
  `create_time` datetime NULL DEFAULT NULL COMMENT '创建时间',
  `update_by` varchar(64) CHARACTER SET utf8mb4 COLLATE utf8mb4_croatian_ci NULL DEFAULT '' COMMENT '更新者',
  `update_time` datetime NULL DEFAULT NULL COMMENT '更新时间',
  PRIMARY KEY (`dept_id`) USING BTREE
) ENGINE = InnoDB AUTO_INCREMENT = 200 CHARACTER SET = utf8mb4 COLLATE = utf8mb4_croatian_ci COMMENT = '部门表' ROW_FORMAT = Dynamic;

-- ----------------------------
-- Records of sys_dept
-- ----------------------------
INSERT INTO `sys_dept` VALUES (100, 0, '0', '集团总公司', 0, '年糕', '15888888888', 'niangao@qq.com', '0', '0', 'admin', '2026-05-15 18:28:13', '', NULL);
INSERT INTO `sys_dept` VALUES (101, 100, '0,100', '深圳分公司', 1, '年糕', '15888888888', 'niangao@qq.com', '0', '0', 'admin', '2026-05-15 18:28:13', '', NULL);
INSERT INTO `sys_dept` VALUES (102, 100, '0,100', '长沙分公司', 2, '年糕', '15888888888', 'niangao@qq.com', '0', '0', 'admin', '2026-05-15 18:28:13', '', NULL);
INSERT INTO `sys_dept` VALUES (103, 101, '0,100,101', '研发部门', 1, '年糕', '15888888888', 'niangao@qq.com', '0', '0', 'admin', '2026-05-15 18:28:13', '', NULL);
INSERT INTO `sys_dept` VALUES (104, 101, '0,100,101', '市场部门', 2, '年糕', '15888888888', 'niangao@qq.com', '0', '0', 'admin', '2026-05-15 18:28:13', '', NULL);
INSERT INTO `sys_dept` VALUES (105, 101, '0,100,101', '测试部门', 3, '年糕', '15888888888', 'niangao@qq.com', '0', '0', 'admin', '2026-05-15 18:28:13', '', NULL);
INSERT INTO `sys_dept` VALUES (106, 101, '0,100,101', '财务部门', 4, '年糕', '15888888888', 'niangao@qq.com', '0', '0', 'admin', '2026-05-15 18:28:13', '', NULL);
INSERT INTO `sys_dept` VALUES (107, 101, '0,100,101', '运维部门', 5, '年糕', '15888888888', 'niangao@qq.com', '0', '0', 'admin', '2026-05-15 18:28:13', '', NULL);
INSERT INTO `sys_dept` VALUES (108, 102, '0,100,102', '市场部门', 1, '年糕', '15888888888', 'niangao@qq.com', '0', '0', 'admin', '2026-05-15 18:28:13', '', NULL);
INSERT INTO `sys_dept` VALUES (109, 102, '0,100,102', '财务部门', 2, '年糕', '15888888888', 'niangao@qq.com', '0', '0', 'admin', '2026-05-15 18:28:13', '', NULL);

-- ----------------------------
-- Table structure for sys_dict_data
-- ----------------------------
DROP TABLE IF EXISTS `sys_dict_data`;
CREATE TABLE `sys_dict_data`  (
  `dict_code` bigint NOT NULL AUTO_INCREMENT COMMENT '字典编码',
  `dict_sort` int NULL DEFAULT 0 COMMENT '字典排序',
  `dict_label` varchar(100) CHARACTER SET utf8mb4 COLLATE utf8mb4_croatian_ci NULL DEFAULT '' COMMENT '字典标签',
  `dict_value` varchar(100) CHARACTER SET utf8mb4 COLLATE utf8mb4_croatian_ci NULL DEFAULT '' COMMENT '字典键值',
  `dict_type` varchar(100) CHARACTER SET utf8mb4 COLLATE utf8mb4_croatian_ci NULL DEFAULT '' COMMENT '字典类型',
  `css_class` varchar(100) CHARACTER SET utf8mb4 COLLATE utf8mb4_croatian_ci NULL DEFAULT NULL COMMENT '样式属性（其他样式扩展）',
  `list_class` varchar(100) CHARACTER SET utf8mb4 COLLATE utf8mb4_croatian_ci NULL DEFAULT NULL COMMENT '表格回显样式',
  `is_default` char(1) CHARACTER SET utf8mb4 COLLATE utf8mb4_croatian_ci NULL DEFAULT 'N' COMMENT '是否默认（Y是 N否）',
  `status` char(1) CHARACTER SET utf8mb4 COLLATE utf8mb4_croatian_ci NULL DEFAULT '0' COMMENT '状态（0正常 1停用）',
  `create_by` varchar(64) CHARACTER SET utf8mb4 COLLATE utf8mb4_croatian_ci NULL DEFAULT '' COMMENT '创建者',
  `create_time` datetime NULL DEFAULT NULL COMMENT '创建时间',
  `update_by` varchar(64) CHARACTER SET utf8mb4 COLLATE utf8mb4_croatian_ci NULL DEFAULT '' COMMENT '更新者',
  `update_time` datetime NULL DEFAULT NULL COMMENT '更新时间',
  `remark` varchar(500) CHARACTER SET utf8mb4 COLLATE utf8mb4_croatian_ci NULL DEFAULT NULL COMMENT '备注',
  PRIMARY KEY (`dict_code`) USING BTREE
) ENGINE = InnoDB AUTO_INCREMENT = 100 CHARACTER SET = utf8mb4 COLLATE = utf8mb4_croatian_ci COMMENT = '字典数据表' ROW_FORMAT = Dynamic;

-- ----------------------------
-- Records of sys_dict_data
-- ----------------------------
INSERT INTO `sys_dict_data` VALUES (1, 1, '男', '0', 'sys_user_sex', '', '', 'Y', '0', 'admin', '2026-05-15 18:28:14', '', NULL, '性别男');
INSERT INTO `sys_dict_data` VALUES (2, 2, '女', '1', 'sys_user_sex', '', '', 'N', '0', 'admin', '2026-05-15 18:28:14', '', NULL, '性别女');
INSERT INTO `sys_dict_data` VALUES (3, 3, '未知', '2', 'sys_user_sex', '', '', 'N', '0', 'admin', '2026-05-15 18:28:14', '', NULL, '性别未知');
INSERT INTO `sys_dict_data` VALUES (4, 1, '显示', '0', 'sys_show_hide', '', 'primary', 'Y', '0', 'admin', '2026-05-15 18:28:14', '', NULL, '显示菜单');
INSERT INTO `sys_dict_data` VALUES (5, 2, '隐藏', '1', 'sys_show_hide', '', 'danger', 'N', '0', 'admin', '2026-05-15 18:28:14', '', NULL, '隐藏菜单');
INSERT INTO `sys_dict_data` VALUES (6, 1, '正常', '0', 'sys_normal_disable', '', 'primary', 'Y', '0', 'admin', '2026-05-15 18:28:14', '', NULL, '正常状态');
INSERT INTO `sys_dict_data` VALUES (7, 2, '停用', '1', 'sys_normal_disable', '', 'danger', 'N', '0', 'admin', '2026-05-15 18:28:14', '', NULL, '停用状态');
INSERT INTO `sys_dict_data` VALUES (8, 1, '正常', '0', 'sys_job_status', '', 'primary', 'Y', '0', 'admin', '2026-05-15 18:28:14', '', NULL, '正常状态');
INSERT INTO `sys_dict_data` VALUES (9, 2, '暂停', '1', 'sys_job_status', '', 'danger', 'N', '0', 'admin', '2026-05-15 18:28:14', '', NULL, '停用状态');
INSERT INTO `sys_dict_data` VALUES (10, 1, '默认', 'default', 'sys_job_group', '', '', 'Y', '0', 'admin', '2026-05-15 18:28:14', '', NULL, '默认分组');
INSERT INTO `sys_dict_data` VALUES (11, 2, '数据库', 'sqlalchemy', 'sys_job_group', '', '', 'N', '0', 'admin', '2026-05-15 18:28:14', '', NULL, '数据库分组');
INSERT INTO `sys_dict_data` VALUES (12, 3, 'redis', 'redis', 'sys_job_group', '', '', 'N', '0', 'admin', '2026-05-15 18:28:14', '', NULL, 'reids分组');
INSERT INTO `sys_dict_data` VALUES (13, 1, '默认', 'default', 'sys_job_executor', '', '', 'N', '0', 'admin', '2026-05-15 18:28:14', '', NULL, '线程池');
INSERT INTO `sys_dict_data` VALUES (14, 2, '进程池', 'processpool', 'sys_job_executor', '', '', 'N', '0', 'admin', '2026-05-15 18:28:14', '', NULL, '进程池');
INSERT INTO `sys_dict_data` VALUES (15, 1, '是', 'Y', 'sys_yes_no', '', 'primary', 'Y', '0', 'admin', '2026-05-15 18:28:14', '', NULL, '系统默认是');
INSERT INTO `sys_dict_data` VALUES (16, 2, '否', 'N', 'sys_yes_no', '', 'danger', 'N', '0', 'admin', '2026-05-15 18:28:14', '', NULL, '系统默认否');
INSERT INTO `sys_dict_data` VALUES (17, 1, '通知', '1', 'sys_notice_type', '', 'warning', 'Y', '0', 'admin', '2026-05-15 18:28:14', '', NULL, '通知');
INSERT INTO `sys_dict_data` VALUES (18, 2, '公告', '2', 'sys_notice_type', '', 'success', 'N', '0', 'admin', '2026-05-15 18:28:14', '', NULL, '公告');
INSERT INTO `sys_dict_data` VALUES (19, 1, '正常', '0', 'sys_notice_status', '', 'primary', 'Y', '0', 'admin', '2026-05-15 18:28:14', '', NULL, '正常状态');
INSERT INTO `sys_dict_data` VALUES (20, 2, '关闭', '1', 'sys_notice_status', '', 'danger', 'N', '0', 'admin', '2026-05-15 18:28:14', '', NULL, '关闭状态');
INSERT INTO `sys_dict_data` VALUES (21, 99, '其他', '0', 'sys_oper_type', '', 'info', 'N', '0', 'admin', '2026-05-15 18:28:14', '', NULL, '其他操作');
INSERT INTO `sys_dict_data` VALUES (22, 1, '新增', '1', 'sys_oper_type', '', 'info', 'N', '0', 'admin', '2026-05-15 18:28:14', '', NULL, '新增操作');
INSERT INTO `sys_dict_data` VALUES (23, 2, '修改', '2', 'sys_oper_type', '', 'info', 'N', '0', 'admin', '2026-05-15 18:28:14', '', NULL, '修改操作');
INSERT INTO `sys_dict_data` VALUES (24, 3, '删除', '3', 'sys_oper_type', '', 'danger', 'N', '0', 'admin', '2026-05-15 18:28:14', '', NULL, '删除操作');
INSERT INTO `sys_dict_data` VALUES (25, 4, '授权', '4', 'sys_oper_type', '', 'primary', 'N', '0', 'admin', '2026-05-15 18:28:14', '', NULL, '授权操作');
INSERT INTO `sys_dict_data` VALUES (26, 5, '导出', '5', 'sys_oper_type', '', 'warning', 'N', '0', 'admin', '2026-05-15 18:28:14', '', NULL, '导出操作');
INSERT INTO `sys_dict_data` VALUES (27, 6, '导入', '6', 'sys_oper_type', '', 'warning', 'N', '0', 'admin', '2026-05-15 18:28:14', '', NULL, '导入操作');
INSERT INTO `sys_dict_data` VALUES (28, 7, '强退', '7', 'sys_oper_type', '', 'danger', 'N', '0', 'admin', '2026-05-15 18:28:14', '', NULL, '强退操作');
INSERT INTO `sys_dict_data` VALUES (29, 8, '生成代码', '8', 'sys_oper_type', '', 'warning', 'N', '0', 'admin', '2026-05-15 18:28:14', '', NULL, '生成操作');
INSERT INTO `sys_dict_data` VALUES (30, 9, '清空数据', '9', 'sys_oper_type', '', 'danger', 'N', '0', 'admin', '2026-05-15 18:28:14', '', NULL, '清空操作');
INSERT INTO `sys_dict_data` VALUES (31, 1, '成功', '0', 'sys_common_status', '', 'primary', 'N', '0', 'admin', '2026-05-15 18:28:14', '', NULL, '正常状态');
INSERT INTO `sys_dict_data` VALUES (32, 2, '失败', '1', 'sys_common_status', '', 'danger', 'N', '0', 'admin', '2026-05-15 18:28:14', '', NULL, '停用状态');
INSERT INTO `sys_dict_data` VALUES (33, 1, 'AIMLAPI', 'AIMLAPI', 'ai_provider_type', '', 'info', 'N', '0', 'admin', '2026-05-15 18:28:14', '', NULL, 'AIMLAPI');
INSERT INTO `sys_dict_data` VALUES (34, 2, 'Anthropic', 'Anthropic', 'ai_provider_type', '', 'info', 'N', '0', 'admin', '2026-05-15 18:28:14', '', NULL, 'Anthropic');
INSERT INTO `sys_dict_data` VALUES (35, 3, 'Cerebras', 'Cerebras', 'ai_provider_type', '', 'info', 'N', '0', 'admin', '2026-05-15 18:28:14', '', NULL, 'Cerebras');
INSERT INTO `sys_dict_data` VALUES (36, 4, 'CerebrasOpenAI', 'CerebrasOpenAI', 'ai_provider_type', '', 'info', 'N', '0', 'admin', '2026-05-15 18:28:14', '', NULL, 'CerebrasOpenAI');
INSERT INTO `sys_dict_data` VALUES (37, 5, 'Cohere', 'Cohere', 'ai_provider_type', '', 'info', 'N', '0', 'admin', '2026-05-15 18:28:14', '', NULL, 'Cohere');
INSERT INTO `sys_dict_data` VALUES (38, 6, 'CometAPI', 'CometAPI', 'ai_provider_type', '', 'info', 'N', '0', 'admin', '2026-05-15 18:28:14', '', NULL, 'CometAPI');
INSERT INTO `sys_dict_data` VALUES (39, 7, 'DashScope', 'DashScope', 'ai_provider_type', '', 'info', 'N', '0', 'admin', '2026-05-15 18:28:14', '', NULL, 'DashScope');
INSERT INTO `sys_dict_data` VALUES (40, 8, 'DeepInfra', 'DeepInfra', 'ai_provider_type', '', 'info', 'N', '0', 'admin', '2026-05-15 18:28:14', '', NULL, 'DeepInfra');
INSERT INTO `sys_dict_data` VALUES (41, 9, 'DeepSeek', 'DeepSeek', 'ai_provider_type', '', 'info', 'N', '0', 'admin', '2026-05-15 18:28:14', '', NULL, 'DeepSeek');
INSERT INTO `sys_dict_data` VALUES (42, 10, 'Fireworks', 'Fireworks', 'ai_provider_type', '', 'info', 'N', '0', 'admin', '2026-05-15 18:28:14', '', NULL, 'Fireworks');
INSERT INTO `sys_dict_data` VALUES (43, 11, 'Google', 'Google', 'ai_provider_type', '', 'info', 'N', '0', 'admin', '2026-05-15 18:28:14', '', NULL, 'Google');
INSERT INTO `sys_dict_data` VALUES (44, 12, 'Groq', 'Groq', 'ai_provider_type', '', 'info', 'N', '0', 'admin', '2026-05-15 18:28:14', '', NULL, 'Groq');
INSERT INTO `sys_dict_data` VALUES (45, 13, 'HuggingFace', 'HuggingFace', 'ai_provider_type', '', 'info', 'N', '0', 'admin', '2026-05-15 18:28:14', '', NULL, 'HuggingFace');
INSERT INTO `sys_dict_data` VALUES (46, 14, 'LangDB', 'LangDB', 'ai_provider_type', '', 'info', 'N', '0', 'admin', '2026-05-15 18:28:14', '', NULL, 'LangDB');
INSERT INTO `sys_dict_data` VALUES (47, 15, 'LiteLLM', 'LiteLLM', 'ai_provider_type', '', 'info', 'N', '0', 'admin', '2026-05-15 18:28:14', '', NULL, 'LiteLLM');
INSERT INTO `sys_dict_data` VALUES (48, 16, 'LiteLLMOpenAI', 'LiteLLMOpenAI', 'ai_provider_type', '', 'info', 'N', '0', 'admin', '2026-05-15 18:28:14', '', NULL, 'LiteLLMOpenAI');
INSERT INTO `sys_dict_data` VALUES (49, 17, 'LlamaCpp', 'LlamaCpp', 'ai_provider_type', '', 'info', 'N', '0', 'admin', '2026-05-15 18:28:14', '', NULL, 'LlamaCpp');
INSERT INTO `sys_dict_data` VALUES (50, 18, 'LMStudio', 'LMStudio', 'ai_provider_type', '', 'info', 'N', '0', 'admin', '2026-05-15 18:28:14', '', NULL, 'LMStudio');
INSERT INTO `sys_dict_data` VALUES (51, 19, 'Meta', 'Meta', 'ai_provider_type', '', 'info', 'N', '0', 'admin', '2026-05-15 18:28:14', '', NULL, 'Meta');
INSERT INTO `sys_dict_data` VALUES (52, 20, 'Mistral', 'Mistral', 'ai_provider_type', '', 'info', 'N', '0', 'admin', '2026-05-15 18:28:14', '', NULL, 'Mistral');
INSERT INTO `sys_dict_data` VALUES (53, 21, 'N1N', 'N1N', 'ai_provider_type', '', 'info', 'N', '0', 'admin', '2026-05-15 18:28:14', '', NULL, 'N1N');
INSERT INTO `sys_dict_data` VALUES (54, 22, 'Nebius', 'Nebius', 'ai_provider_type', '', 'info', 'N', '0', 'admin', '2026-05-15 18:28:14', '', NULL, 'Nebius');
INSERT INTO `sys_dict_data` VALUES (55, 23, 'Nexus', 'Nexus', 'ai_provider_type', '', 'info', 'N', '0', 'admin', '2026-05-15 18:28:14', '', NULL, 'Nexus');
INSERT INTO `sys_dict_data` VALUES (56, 24, 'Nvidia', 'Nvidia', 'ai_provider_type', '', 'info', 'N', '0', 'admin', '2026-05-15 18:28:14', '', NULL, 'Nvidia');
INSERT INTO `sys_dict_data` VALUES (57, 25, 'Ollama', 'Ollama', 'ai_provider_type', '', 'info', 'N', '0', 'admin', '2026-05-15 18:28:14', '', NULL, 'Ollama');
INSERT INTO `sys_dict_data` VALUES (58, 26, 'OpenAI', 'OpenAI', 'ai_provider_type', '', 'info', 'N', '0', 'admin', '2026-05-15 18:28:14', '', NULL, 'OpenAI');
INSERT INTO `sys_dict_data` VALUES (59, 27, 'OpenAIResponses', 'OpenAIResponses', 'ai_provider_type', '', 'info', 'N', '0', 'admin', '2026-05-15 18:28:14', '', NULL, 'OpenAIResponses');
INSERT INTO `sys_dict_data` VALUES (60, 28, 'OpenRouter', 'OpenRouter', 'ai_provider_type', '', 'info', 'N', '0', 'admin', '2026-05-15 18:28:14', '', NULL, 'OpenRouter');
INSERT INTO `sys_dict_data` VALUES (61, 29, 'Perplexity', 'Perplexity', 'ai_provider_type', '', 'info', 'N', '0', 'admin', '2026-05-15 18:28:14', '', NULL, 'Perplexity');
INSERT INTO `sys_dict_data` VALUES (62, 30, 'Portkey', 'Portkey', 'ai_provider_type', '', 'info', 'N', '0', 'admin', '2026-05-15 18:28:14', '', NULL, 'Portkey');
INSERT INTO `sys_dict_data` VALUES (63, 31, 'Requesty', 'Requesty', 'ai_provider_type', '', 'info', 'N', '0', 'admin', '2026-05-15 18:28:14', '', NULL, 'Requesty');
INSERT INTO `sys_dict_data` VALUES (64, 32, 'Sambanova', 'Sambanova', 'ai_provider_type', '', 'info', 'N', '0', 'admin', '2026-05-15 18:28:14', '', NULL, 'Sambanova');
INSERT INTO `sys_dict_data` VALUES (65, 33, 'SiliconFlow', 'SiliconFlow', 'ai_provider_type', '', 'info', 'N', '0', 'admin', '2026-05-15 18:28:14', '', NULL, 'SiliconFlow');
INSERT INTO `sys_dict_data` VALUES (66, 34, 'Together', 'Together', 'ai_provider_type', '', 'info', 'N', '0', 'admin', '2026-05-15 18:28:14', '', NULL, 'Together');
INSERT INTO `sys_dict_data` VALUES (67, 35, 'Vercel', 'Vercel', 'ai_provider_type', '', 'info', 'N', '0', 'admin', '2026-05-15 18:28:14', '', NULL, 'Vercel');
INSERT INTO `sys_dict_data` VALUES (68, 36, 'VLLM', 'VLLM', 'ai_provider_type', '', 'info', 'N', '0', 'admin', '2026-05-15 18:28:14', '', NULL, 'VLLM');
INSERT INTO `sys_dict_data` VALUES (69, 37, 'xAI', 'xAI', 'ai_provider_type', '', 'info', 'N', '0', 'admin', '2026-05-15 18:28:14', '', NULL, 'xAI');

-- ----------------------------
-- Table structure for sys_dict_type
-- ----------------------------
DROP TABLE IF EXISTS `sys_dict_type`;
CREATE TABLE `sys_dict_type`  (
  `dict_id` bigint NOT NULL AUTO_INCREMENT COMMENT '字典主键',
  `dict_name` varchar(100) CHARACTER SET utf8mb4 COLLATE utf8mb4_croatian_ci NULL DEFAULT '' COMMENT '字典名称',
  `dict_type` varchar(100) CHARACTER SET utf8mb4 COLLATE utf8mb4_croatian_ci NULL DEFAULT '' COMMENT '字典类型',
  `status` char(1) CHARACTER SET utf8mb4 COLLATE utf8mb4_croatian_ci NULL DEFAULT '0' COMMENT '状态（0正常 1停用）',
  `create_by` varchar(64) CHARACTER SET utf8mb4 COLLATE utf8mb4_croatian_ci NULL DEFAULT '' COMMENT '创建者',
  `create_time` datetime NULL DEFAULT NULL COMMENT '创建时间',
  `update_by` varchar(64) CHARACTER SET utf8mb4 COLLATE utf8mb4_croatian_ci NULL DEFAULT '' COMMENT '更新者',
  `update_time` datetime NULL DEFAULT NULL COMMENT '更新时间',
  `remark` varchar(500) CHARACTER SET utf8mb4 COLLATE utf8mb4_croatian_ci NULL DEFAULT NULL COMMENT '备注',
  PRIMARY KEY (`dict_id`) USING BTREE,
  UNIQUE INDEX `dict_type`(`dict_type` ASC) USING BTREE
) ENGINE = InnoDB AUTO_INCREMENT = 100 CHARACTER SET = utf8mb4 COLLATE = utf8mb4_croatian_ci COMMENT = '字典类型表' ROW_FORMAT = Dynamic;

-- ----------------------------
-- Records of sys_dict_type
-- ----------------------------
INSERT INTO `sys_dict_type` VALUES (1, '用户性别', 'sys_user_sex', '0', 'admin', '2026-05-15 18:28:14', '', NULL, '用户性别列表');
INSERT INTO `sys_dict_type` VALUES (2, '菜单状态', 'sys_show_hide', '0', 'admin', '2026-05-15 18:28:14', '', NULL, '菜单状态列表');
INSERT INTO `sys_dict_type` VALUES (3, '系统开关', 'sys_normal_disable', '0', 'admin', '2026-05-15 18:28:14', '', NULL, '系统开关列表');
INSERT INTO `sys_dict_type` VALUES (4, '任务状态', 'sys_job_status', '0', 'admin', '2026-05-15 18:28:14', '', NULL, '任务状态列表');
INSERT INTO `sys_dict_type` VALUES (5, '任务分组', 'sys_job_group', '0', 'admin', '2026-05-15 18:28:14', '', NULL, '任务分组列表');
INSERT INTO `sys_dict_type` VALUES (6, '任务执行器', 'sys_job_executor', '0', 'admin', '2026-05-15 18:28:14', '', NULL, '任务执行器列表');
INSERT INTO `sys_dict_type` VALUES (7, '系统是否', 'sys_yes_no', '0', 'admin', '2026-05-15 18:28:14', '', NULL, '系统是否列表');
INSERT INTO `sys_dict_type` VALUES (8, '通知类型', 'sys_notice_type', '0', 'admin', '2026-05-15 18:28:14', '', NULL, '通知类型列表');
INSERT INTO `sys_dict_type` VALUES (9, '通知状态', 'sys_notice_status', '0', 'admin', '2026-05-15 18:28:14', '', NULL, '通知状态列表');
INSERT INTO `sys_dict_type` VALUES (10, '操作类型', 'sys_oper_type', '0', 'admin', '2026-05-15 18:28:14', '', NULL, '操作类型列表');
INSERT INTO `sys_dict_type` VALUES (11, '系统状态', 'sys_common_status', '0', 'admin', '2026-05-15 18:28:14', '', NULL, '登录状态列表');
INSERT INTO `sys_dict_type` VALUES (12, 'AI模型提供商', 'ai_provider_type', '0', 'admin', '2026-05-15 18:28:14', '', NULL, 'AI模型提供商列表');

-- ----------------------------
-- Table structure for sys_job
-- ----------------------------
DROP TABLE IF EXISTS `sys_job`;
CREATE TABLE `sys_job`  (
  `job_id` bigint NOT NULL AUTO_INCREMENT COMMENT '任务ID',
  `job_name` varchar(64) CHARACTER SET utf8mb4 COLLATE utf8mb4_croatian_ci NOT NULL DEFAULT '' COMMENT '任务名称',
  `job_group` varchar(64) CHARACTER SET utf8mb4 COLLATE utf8mb4_croatian_ci NOT NULL DEFAULT 'default' COMMENT '任务组名',
  `job_executor` varchar(64) CHARACTER SET utf8mb4 COLLATE utf8mb4_croatian_ci NULL DEFAULT 'default' COMMENT '任务执行器',
  `invoke_target` varchar(500) CHARACTER SET utf8mb4 COLLATE utf8mb4_croatian_ci NOT NULL COMMENT '调用目标字符串',
  `job_args` varchar(255) CHARACTER SET utf8mb4 COLLATE utf8mb4_croatian_ci NULL DEFAULT '' COMMENT '位置参数',
  `job_kwargs` varchar(255) CHARACTER SET utf8mb4 COLLATE utf8mb4_croatian_ci NULL DEFAULT '' COMMENT '关键字参数',
  `cron_expression` varchar(255) CHARACTER SET utf8mb4 COLLATE utf8mb4_croatian_ci NULL DEFAULT '' COMMENT 'cron执行表达式',
  `misfire_policy` varchar(20) CHARACTER SET utf8mb4 COLLATE utf8mb4_croatian_ci NULL DEFAULT '3' COMMENT '计划执行错误策略（1立即执行 2执行一次 3放弃执行）',
  `concurrent` char(1) CHARACTER SET utf8mb4 COLLATE utf8mb4_croatian_ci NULL DEFAULT '1' COMMENT '是否并发执行（0允许 1禁止）',
  `status` char(1) CHARACTER SET utf8mb4 COLLATE utf8mb4_croatian_ci NULL DEFAULT '0' COMMENT '状态（0正常 1暂停）',
  `create_by` varchar(64) CHARACTER SET utf8mb4 COLLATE utf8mb4_croatian_ci NULL DEFAULT '' COMMENT '创建者',
  `create_time` datetime NULL DEFAULT NULL COMMENT '创建时间',
  `update_by` varchar(64) CHARACTER SET utf8mb4 COLLATE utf8mb4_croatian_ci NULL DEFAULT '' COMMENT '更新者',
  `update_time` datetime NULL DEFAULT NULL COMMENT '更新时间',
  `remark` varchar(500) CHARACTER SET utf8mb4 COLLATE utf8mb4_croatian_ci NULL DEFAULT '' COMMENT '备注信息',
  PRIMARY KEY (`job_id`, `job_name`, `job_group`) USING BTREE
) ENGINE = InnoDB AUTO_INCREMENT = 100 CHARACTER SET = utf8mb4 COLLATE = utf8mb4_croatian_ci COMMENT = '定时任务调度表' ROW_FORMAT = Dynamic;

-- ----------------------------
-- Records of sys_job
-- ----------------------------
INSERT INTO `sys_job` VALUES (1, '系统默认（无参）', 'default', 'default', 'module_task.scheduler_test.job', NULL, NULL, '0/10 * * * * ?', '3', '1', '1', 'admin', '2026-05-15 18:28:14', '', NULL, '');
INSERT INTO `sys_job` VALUES (2, '系统默认（有参）', 'default', 'default', 'module_task.scheduler_test.job', 'test', NULL, '0/15 * * * * ?', '3', '1', '1', 'admin', '2026-05-15 18:28:14', '', NULL, '');
INSERT INTO `sys_job` VALUES (3, '系统默认（多参）', 'default', 'default', 'module_task.scheduler_test.job', 'new', '{\"test\": 111}', '0/20 * * * * ?', '3', '1', '1', 'admin', '2026-05-15 18:28:14', '', NULL, '');

-- ----------------------------
-- Table structure for sys_job_log
-- ----------------------------
DROP TABLE IF EXISTS `sys_job_log`;
CREATE TABLE `sys_job_log`  (
  `job_log_id` bigint NOT NULL AUTO_INCREMENT COMMENT '任务日志ID',
  `job_name` varchar(64) CHARACTER SET utf8mb4 COLLATE utf8mb4_croatian_ci NOT NULL COMMENT '任务名称',
  `job_group` varchar(64) CHARACTER SET utf8mb4 COLLATE utf8mb4_croatian_ci NOT NULL COMMENT '任务组名',
  `job_executor` varchar(64) CHARACTER SET utf8mb4 COLLATE utf8mb4_croatian_ci NOT NULL COMMENT '任务执行器',
  `invoke_target` varchar(500) CHARACTER SET utf8mb4 COLLATE utf8mb4_croatian_ci NOT NULL COMMENT '调用目标字符串',
  `job_args` varchar(255) CHARACTER SET utf8mb4 COLLATE utf8mb4_croatian_ci NULL DEFAULT '' COMMENT '位置参数',
  `job_kwargs` varchar(255) CHARACTER SET utf8mb4 COLLATE utf8mb4_croatian_ci NULL DEFAULT '' COMMENT '关键字参数',
  `job_trigger` varchar(255) CHARACTER SET utf8mb4 COLLATE utf8mb4_croatian_ci NULL DEFAULT '' COMMENT '任务触发器',
  `job_message` varchar(500) CHARACTER SET utf8mb4 COLLATE utf8mb4_croatian_ci NULL DEFAULT NULL COMMENT '日志信息',
  `status` char(1) CHARACTER SET utf8mb4 COLLATE utf8mb4_croatian_ci NULL DEFAULT '0' COMMENT '执行状态（0正常 1失败）',
  `exception_info` varchar(2000) CHARACTER SET utf8mb4 COLLATE utf8mb4_croatian_ci NULL DEFAULT '' COMMENT '异常信息',
  `create_time` datetime NULL DEFAULT NULL COMMENT '创建时间',
  PRIMARY KEY (`job_log_id`) USING BTREE
) ENGINE = InnoDB AUTO_INCREMENT = 1 CHARACTER SET = utf8mb4 COLLATE = utf8mb4_croatian_ci COMMENT = '定时任务调度日志表' ROW_FORMAT = Dynamic;

-- ----------------------------
-- Records of sys_job_log
-- ----------------------------

-- ----------------------------
-- Table structure for sys_logininfor
-- ----------------------------
DROP TABLE IF EXISTS `sys_logininfor`;
CREATE TABLE `sys_logininfor`  (
  `info_id` bigint NOT NULL AUTO_INCREMENT COMMENT '访问ID',
  `user_name` varchar(50) CHARACTER SET utf8mb4 COLLATE utf8mb4_croatian_ci NULL DEFAULT '' COMMENT '用户账号',
  `ipaddr` varchar(128) CHARACTER SET utf8mb4 COLLATE utf8mb4_croatian_ci NULL DEFAULT '' COMMENT '登录IP地址',
  `login_location` varchar(255) CHARACTER SET utf8mb4 COLLATE utf8mb4_croatian_ci NULL DEFAULT '' COMMENT '登录地点',
  `browser` varchar(50) CHARACTER SET utf8mb4 COLLATE utf8mb4_croatian_ci NULL DEFAULT '' COMMENT '浏览器类型',
  `os` varchar(50) CHARACTER SET utf8mb4 COLLATE utf8mb4_croatian_ci NULL DEFAULT '' COMMENT '操作系统',
  `status` char(1) CHARACTER SET utf8mb4 COLLATE utf8mb4_croatian_ci NULL DEFAULT '0' COMMENT '登录状态（0成功 1失败）',
  `msg` varchar(255) CHARACTER SET utf8mb4 COLLATE utf8mb4_croatian_ci NULL DEFAULT '' COMMENT '提示消息',
  `login_time` datetime NULL DEFAULT NULL COMMENT '访问时间',
  PRIMARY KEY (`info_id`) USING BTREE,
  INDEX `idx_sys_logininfor_s`(`status` ASC) USING BTREE,
  INDEX `idx_sys_logininfor_lt`(`login_time` ASC) USING BTREE
) ENGINE = InnoDB AUTO_INCREMENT = 104 CHARACTER SET = utf8mb4 COLLATE = utf8mb4_croatian_ci COMMENT = '系统访问记录' ROW_FORMAT = Dynamic;

-- ----------------------------
-- Records of sys_logininfor
-- ----------------------------
INSERT INTO `sys_logininfor` VALUES (100, 'admin', '127.0.0.1', '内网IP', 'Electron 39', 'Windows 10', '1', '验证码已失效', '2026-05-17 18:17:13');
INSERT INTO `sys_logininfor` VALUES (101, 'admin', '127.0.0.1', '内网IP', 'Electron 39', 'Windows 10', '0', '登录成功', '2026-05-17 18:17:16');
INSERT INTO `sys_logininfor` VALUES (102, 'admin', '127.0.0.1', '内网IP', 'Electron 39', 'Windows 10', '0', '登录成功', '2026-05-18 16:04:37');
INSERT INTO `sys_logininfor` VALUES (103, 'admin', '127.0.0.1', '内网IP', 'Edge 148', 'Windows 10', '1', '验证码已失效', '2026-05-18 16:19:23');
INSERT INTO `sys_logininfor` VALUES (104, 'admin', '127.0.0.1', '内网IP', 'Edge 148', 'Windows 10', '0', '登录成功', '2026-05-18 16:19:26');

-- ----------------------------
-- Table structure for sys_menu
-- ----------------------------
DROP TABLE IF EXISTS `sys_menu`;
CREATE TABLE `sys_menu`  (
  `menu_id` bigint NOT NULL AUTO_INCREMENT COMMENT '菜单ID',
  `menu_name` varchar(50) CHARACTER SET utf8mb4 COLLATE utf8mb4_croatian_ci NOT NULL COMMENT '菜单名称',
  `parent_id` bigint NULL DEFAULT 0 COMMENT '父菜单ID',
  `order_num` int NULL DEFAULT 0 COMMENT '显示顺序',
  `path` varchar(200) CHARACTER SET utf8mb4 COLLATE utf8mb4_croatian_ci NULL DEFAULT '' COMMENT '路由地址',
  `component` varchar(255) CHARACTER SET utf8mb4 COLLATE utf8mb4_croatian_ci NULL DEFAULT NULL COMMENT '组件路径',
  `query` varchar(255) CHARACTER SET utf8mb4 COLLATE utf8mb4_croatian_ci NULL DEFAULT NULL COMMENT '路由参数',
  `route_name` varchar(50) CHARACTER SET utf8mb4 COLLATE utf8mb4_croatian_ci NULL DEFAULT '' COMMENT '路由名称',
  `is_frame` int NULL DEFAULT 1 COMMENT '是否为外链（0是 1否）',
  `is_cache` int NULL DEFAULT 0 COMMENT '是否缓存（0缓存 1不缓存）',
  `menu_type` char(1) CHARACTER SET utf8mb4 COLLATE utf8mb4_croatian_ci NULL DEFAULT '' COMMENT '菜单类型（M目录 C菜单 F按钮）',
  `visible` char(1) CHARACTER SET utf8mb4 COLLATE utf8mb4_croatian_ci NULL DEFAULT '0' COMMENT '菜单状态（0显示 1隐藏）',
  `status` char(1) CHARACTER SET utf8mb4 COLLATE utf8mb4_croatian_ci NULL DEFAULT '0' COMMENT '菜单状态（0正常 1停用）',
  `perms` varchar(100) CHARACTER SET utf8mb4 COLLATE utf8mb4_croatian_ci NULL DEFAULT NULL COMMENT '权限标识',
  `icon` varchar(100) CHARACTER SET utf8mb4 COLLATE utf8mb4_croatian_ci NULL DEFAULT '#' COMMENT '菜单图标',
  `create_by` varchar(64) CHARACTER SET utf8mb4 COLLATE utf8mb4_croatian_ci NULL DEFAULT '' COMMENT '创建者',
  `create_time` datetime NULL DEFAULT NULL COMMENT '创建时间',
  `update_by` varchar(64) CHARACTER SET utf8mb4 COLLATE utf8mb4_croatian_ci NULL DEFAULT '' COMMENT '更新者',
  `update_time` datetime NULL DEFAULT NULL COMMENT '更新时间',
  `remark` varchar(500) CHARACTER SET utf8mb4 COLLATE utf8mb4_croatian_ci NULL DEFAULT '' COMMENT '备注',
  PRIMARY KEY (`menu_id`) USING BTREE
) ENGINE = InnoDB AUTO_INCREMENT = 2326 CHARACTER SET = utf8mb4 COLLATE = utf8mb4_croatian_ci COMMENT = '菜单权限表' ROW_FORMAT = Dynamic;

-- ----------------------------
-- Records of sys_menu
-- ----------------------------
INSERT INTO `sys_menu` VALUES (1, '系统管理', 0, 1, 'system', NULL, '', '', 1, 0, 'M', '0', '0', '', 'system', 'admin', '2026-05-15 18:28:13', '', NULL, '系统管理目录');
INSERT INTO `sys_menu` VALUES (2, '系统监控', 0, 2, 'monitor', NULL, '', '', 1, 0, 'M', '0', '0', '', 'monitor', 'admin', '2026-05-15 18:28:13', '', NULL, '系统监控目录');
INSERT INTO `sys_menu` VALUES (3, '系统工具', 0, 3, 'tool', NULL, '', '', 1, 0, 'M', '0', '0', '', 'tool', 'admin', '2026-05-15 18:28:13', '', NULL, '系统工具目录');
INSERT INTO `sys_menu` VALUES (4, 'AI 管理', 0, 4, 'ai', NULL, '', '', 1, 0, 'M', '0', '0', '', 'ai-manage', 'admin', '2026-05-15 18:28:13', '', NULL, 'AI 管理目录');
INSERT INTO `sys_menu` VALUES (99, '若依官网', 0, 99, 'http://ruoyi.vip', NULL, '', '', 0, 0, 'M', '0', '0', '', 'guide', 'admin', '2026-05-15 18:28:13', '', NULL, '若依官网地址');
INSERT INTO `sys_menu` VALUES (100, '用户管理', 1, 1, 'user', 'system/user/index', '', '', 1, 0, 'C', '0', '0', 'system:user:list', 'user', 'admin', '2026-05-15 18:28:13', '', NULL, '用户管理菜单');
INSERT INTO `sys_menu` VALUES (101, '角色管理', 1, 2, 'role', 'system/role/index', '', '', 1, 0, 'C', '0', '0', 'system:role:list', 'peoples', 'admin', '2026-05-15 18:28:13', '', NULL, '角色管理菜单');
INSERT INTO `sys_menu` VALUES (102, '菜单管理', 1, 3, 'menu', 'system/menu/index', '', '', 1, 0, 'C', '0', '0', 'system:menu:list', 'tree-table', 'admin', '2026-05-15 18:28:13', '', NULL, '菜单管理菜单');
INSERT INTO `sys_menu` VALUES (103, '部门管理', 1, 4, 'dept', 'system/dept/index', '', '', 1, 0, 'C', '0', '0', 'system:dept:list', 'tree', 'admin', '2026-05-15 18:28:13', '', NULL, '部门管理菜单');
INSERT INTO `sys_menu` VALUES (104, '岗位管理', 1, 5, 'post', 'system/post/index', '', '', 1, 0, 'C', '0', '0', 'system:post:list', 'post', 'admin', '2026-05-15 18:28:13', '', NULL, '岗位管理菜单');
INSERT INTO `sys_menu` VALUES (105, '字典管理', 1, 6, 'dict', 'system/dict/index', '', '', 1, 0, 'C', '0', '0', 'system:dict:list', 'dict', 'admin', '2026-05-15 18:28:13', '', NULL, '字典管理菜单');
INSERT INTO `sys_menu` VALUES (106, '参数设置', 1, 7, 'config', 'system/config/index', '', '', 1, 0, 'C', '0', '0', 'system:config:list', 'edit', 'admin', '2026-05-15 18:28:13', '', NULL, '参数设置菜单');
INSERT INTO `sys_menu` VALUES (107, '通知公告', 1, 8, 'notice', 'system/notice/index', '', '', 1, 0, 'C', '0', '0', 'system:notice:list', 'message', 'admin', '2026-05-15 18:28:13', '', NULL, '通知公告菜单');
INSERT INTO `sys_menu` VALUES (108, '日志管理', 1, 9, 'log', '', '', '', 1, 0, 'M', '0', '0', '', 'log', 'admin', '2026-05-15 18:28:13', '', NULL, '日志管理菜单');
INSERT INTO `sys_menu` VALUES (109, '在线用户', 2, 1, 'online', 'monitor/online/index', '', '', 1, 0, 'C', '0', '0', 'monitor:online:list', 'online', 'admin', '2026-05-15 18:28:13', '', NULL, '在线用户菜单');
INSERT INTO `sys_menu` VALUES (110, '定时任务', 2, 2, 'job', 'monitor/job/index', '', '', 1, 0, 'C', '0', '0', 'monitor:job:list', 'job', 'admin', '2026-05-15 18:28:13', '', NULL, '定时任务菜单');
INSERT INTO `sys_menu` VALUES (111, '数据监控', 2, 3, 'druid', 'monitor/druid/index', '', '', 1, 0, 'C', '0', '0', 'monitor:druid:list', 'druid', 'admin', '2026-05-15 18:28:13', '', NULL, '数据监控菜单');
INSERT INTO `sys_menu` VALUES (112, '服务监控', 2, 4, 'server', 'monitor/server/index', '', '', 1, 0, 'C', '0', '0', 'monitor:server:list', 'server', 'admin', '2026-05-15 18:28:13', '', NULL, '服务监控菜单');
INSERT INTO `sys_menu` VALUES (113, '缓存监控', 2, 5, 'cache', 'monitor/cache/index', '', '', 1, 0, 'C', '0', '0', 'monitor:cache:list', 'redis', 'admin', '2026-05-15 18:28:13', '', NULL, '缓存监控菜单');
INSERT INTO `sys_menu` VALUES (114, '缓存列表', 2, 6, 'cacheList', 'monitor/cache/list', '', '', 1, 0, 'C', '0', '0', 'monitor:cache:list', 'redis-list', 'admin', '2026-05-15 18:28:13', '', NULL, '缓存列表菜单');
INSERT INTO `sys_menu` VALUES (115, '表单构建', 3, 1, 'build', 'tool/build/index', '', '', 1, 0, 'C', '0', '0', 'tool:build:list', 'build', 'admin', '2026-05-15 18:28:13', '', NULL, '表单构建菜单');
INSERT INTO `sys_menu` VALUES (116, '代码生成', 3, 2, 'gen', 'tool/gen/index', '', '', 1, 0, 'C', '0', '0', 'tool:gen:list', 'code', 'admin', '2026-05-15 18:28:13', '', NULL, '代码生成菜单');
INSERT INTO `sys_menu` VALUES (117, '系统接口', 3, 3, 'swagger', 'tool/swagger/index', '', '', 1, 0, 'C', '0', '0', 'tool:swagger:list', 'swagger', 'admin', '2026-05-15 18:28:13', '', NULL, '系统接口菜单');
INSERT INTO `sys_menu` VALUES (118, '模型管理', 4, 1, 'model', 'ai/model/index', '', '', 1, 0, 'C', '0', '0', 'ai:model:list', 'ai-model', 'admin', '2026-05-15 18:28:13', '', NULL, '模型管理菜单');
INSERT INTO `sys_menu` VALUES (119, 'AI 对话', 4, 2, 'chat', 'ai/chat/index', '', '', 1, 0, 'C', '0', '0', 'ai:chat:list', 'ai-chat', 'admin', '2026-05-15 18:28:13', '', NULL, 'AI 对话菜单');
INSERT INTO `sys_menu` VALUES (120, '传输加密', 2, 7, 'transportCrypto', 'monitor/transportCrypto/index', '', '', 1, 0, 'C', '0', '0', 'monitor:transportCrypto:list', 'chart', 'admin', '2026-05-15 18:28:13', '', NULL, '传输加密监控菜单');
INSERT INTO `sys_menu` VALUES (500, '操作日志', 108, 1, 'operlog', 'monitor/operlog/index', '', '', 1, 0, 'C', '0', '0', 'monitor:operlog:list', 'form', 'admin', '2026-05-15 18:28:13', '', NULL, '操作日志菜单');
INSERT INTO `sys_menu` VALUES (501, '登录日志', 108, 2, 'logininfor', 'monitor/logininfor/index', '', '', 1, 0, 'C', '0', '0', 'monitor:logininfor:list', 'logininfor', 'admin', '2026-05-15 18:28:13', '', NULL, '登录日志菜单');
INSERT INTO `sys_menu` VALUES (1000, '用户查询', 100, 1, '', '', '', '', 1, 0, 'F', '0', '0', 'system:user:query', '#', 'admin', '2026-05-15 18:28:13', '', NULL, '');
INSERT INTO `sys_menu` VALUES (1001, '用户新增', 100, 2, '', '', '', '', 1, 0, 'F', '0', '0', 'system:user:add', '#', 'admin', '2026-05-15 18:28:13', '', NULL, '');
INSERT INTO `sys_menu` VALUES (1002, '用户修改', 100, 3, '', '', '', '', 1, 0, 'F', '0', '0', 'system:user:edit', '#', 'admin', '2026-05-15 18:28:13', '', NULL, '');
INSERT INTO `sys_menu` VALUES (1003, '用户删除', 100, 4, '', '', '', '', 1, 0, 'F', '0', '0', 'system:user:remove', '#', 'admin', '2026-05-15 18:28:13', '', NULL, '');
INSERT INTO `sys_menu` VALUES (1004, '用户导出', 100, 5, '', '', '', '', 1, 0, 'F', '0', '0', 'system:user:export', '#', 'admin', '2026-05-15 18:28:13', '', NULL, '');
INSERT INTO `sys_menu` VALUES (1005, '用户导入', 100, 6, '', '', '', '', 1, 0, 'F', '0', '0', 'system:user:import', '#', 'admin', '2026-05-15 18:28:13', '', NULL, '');
INSERT INTO `sys_menu` VALUES (1006, '重置密码', 100, 7, '', '', '', '', 1, 0, 'F', '0', '0', 'system:user:resetPwd', '#', 'admin', '2026-05-15 18:28:13', '', NULL, '');
INSERT INTO `sys_menu` VALUES (1007, '角色查询', 101, 1, '', '', '', '', 1, 0, 'F', '0', '0', 'system:role:query', '#', 'admin', '2026-05-15 18:28:13', '', NULL, '');
INSERT INTO `sys_menu` VALUES (1008, '角色新增', 101, 2, '', '', '', '', 1, 0, 'F', '0', '0', 'system:role:add', '#', 'admin', '2026-05-15 18:28:13', '', NULL, '');
INSERT INTO `sys_menu` VALUES (1009, '角色修改', 101, 3, '', '', '', '', 1, 0, 'F', '0', '0', 'system:role:edit', '#', 'admin', '2026-05-15 18:28:13', '', NULL, '');
INSERT INTO `sys_menu` VALUES (1010, '角色删除', 101, 4, '', '', '', '', 1, 0, 'F', '0', '0', 'system:role:remove', '#', 'admin', '2026-05-15 18:28:13', '', NULL, '');
INSERT INTO `sys_menu` VALUES (1011, '角色导出', 101, 5, '', '', '', '', 1, 0, 'F', '0', '0', 'system:role:export', '#', 'admin', '2026-05-15 18:28:13', '', NULL, '');
INSERT INTO `sys_menu` VALUES (1012, '菜单查询', 102, 1, '', '', '', '', 1, 0, 'F', '0', '0', 'system:menu:query', '#', 'admin', '2026-05-15 18:28:13', '', NULL, '');
INSERT INTO `sys_menu` VALUES (1013, '菜单新增', 102, 2, '', '', '', '', 1, 0, 'F', '0', '0', 'system:menu:add', '#', 'admin', '2026-05-15 18:28:13', '', NULL, '');
INSERT INTO `sys_menu` VALUES (1014, '菜单修改', 102, 3, '', '', '', '', 1, 0, 'F', '0', '0', 'system:menu:edit', '#', 'admin', '2026-05-15 18:28:13', '', NULL, '');
INSERT INTO `sys_menu` VALUES (1015, '菜单删除', 102, 4, '', '', '', '', 1, 0, 'F', '0', '0', 'system:menu:remove', '#', 'admin', '2026-05-15 18:28:13', '', NULL, '');
INSERT INTO `sys_menu` VALUES (1016, '部门查询', 103, 1, '', '', '', '', 1, 0, 'F', '0', '0', 'system:dept:query', '#', 'admin', '2026-05-15 18:28:13', '', NULL, '');
INSERT INTO `sys_menu` VALUES (1017, '部门新增', 103, 2, '', '', '', '', 1, 0, 'F', '0', '0', 'system:dept:add', '#', 'admin', '2026-05-15 18:28:13', '', NULL, '');
INSERT INTO `sys_menu` VALUES (1018, '部门修改', 103, 3, '', '', '', '', 1, 0, 'F', '0', '0', 'system:dept:edit', '#', 'admin', '2026-05-15 18:28:13', '', NULL, '');
INSERT INTO `sys_menu` VALUES (1019, '部门删除', 103, 4, '', '', '', '', 1, 0, 'F', '0', '0', 'system:dept:remove', '#', 'admin', '2026-05-15 18:28:13', '', NULL, '');
INSERT INTO `sys_menu` VALUES (1020, '岗位查询', 104, 1, '', '', '', '', 1, 0, 'F', '0', '0', 'system:post:query', '#', 'admin', '2026-05-15 18:28:13', '', NULL, '');
INSERT INTO `sys_menu` VALUES (1021, '岗位新增', 104, 2, '', '', '', '', 1, 0, 'F', '0', '0', 'system:post:add', '#', 'admin', '2026-05-15 18:28:13', '', NULL, '');
INSERT INTO `sys_menu` VALUES (1022, '岗位修改', 104, 3, '', '', '', '', 1, 0, 'F', '0', '0', 'system:post:edit', '#', 'admin', '2026-05-15 18:28:13', '', NULL, '');
INSERT INTO `sys_menu` VALUES (1023, '岗位删除', 104, 4, '', '', '', '', 1, 0, 'F', '0', '0', 'system:post:remove', '#', 'admin', '2026-05-15 18:28:13', '', NULL, '');
INSERT INTO `sys_menu` VALUES (1024, '岗位导出', 104, 5, '', '', '', '', 1, 0, 'F', '0', '0', 'system:post:export', '#', 'admin', '2026-05-15 18:28:13', '', NULL, '');
INSERT INTO `sys_menu` VALUES (1025, '字典查询', 105, 1, '#', '', '', '', 1, 0, 'F', '0', '0', 'system:dict:query', '#', 'admin', '2026-05-15 18:28:13', '', NULL, '');
INSERT INTO `sys_menu` VALUES (1026, '字典新增', 105, 2, '#', '', '', '', 1, 0, 'F', '0', '0', 'system:dict:add', '#', 'admin', '2026-05-15 18:28:13', '', NULL, '');
INSERT INTO `sys_menu` VALUES (1027, '字典修改', 105, 3, '#', '', '', '', 1, 0, 'F', '0', '0', 'system:dict:edit', '#', 'admin', '2026-05-15 18:28:13', '', NULL, '');
INSERT INTO `sys_menu` VALUES (1028, '字典删除', 105, 4, '#', '', '', '', 1, 0, 'F', '0', '0', 'system:dict:remove', '#', 'admin', '2026-05-15 18:28:13', '', NULL, '');
INSERT INTO `sys_menu` VALUES (1029, '字典导出', 105, 5, '#', '', '', '', 1, 0, 'F', '0', '0', 'system:dict:export', '#', 'admin', '2026-05-15 18:28:13', '', NULL, '');
INSERT INTO `sys_menu` VALUES (1030, '参数查询', 106, 1, '#', '', '', '', 1, 0, 'F', '0', '0', 'system:config:query', '#', 'admin', '2026-05-15 18:28:13', '', NULL, '');
INSERT INTO `sys_menu` VALUES (1031, '参数新增', 106, 2, '#', '', '', '', 1, 0, 'F', '0', '0', 'system:config:add', '#', 'admin', '2026-05-15 18:28:13', '', NULL, '');
INSERT INTO `sys_menu` VALUES (1032, '参数修改', 106, 3, '#', '', '', '', 1, 0, 'F', '0', '0', 'system:config:edit', '#', 'admin', '2026-05-15 18:28:13', '', NULL, '');
INSERT INTO `sys_menu` VALUES (1033, '参数删除', 106, 4, '#', '', '', '', 1, 0, 'F', '0', '0', 'system:config:remove', '#', 'admin', '2026-05-15 18:28:13', '', NULL, '');
INSERT INTO `sys_menu` VALUES (1034, '参数导出', 106, 5, '#', '', '', '', 1, 0, 'F', '0', '0', 'system:config:export', '#', 'admin', '2026-05-15 18:28:13', '', NULL, '');
INSERT INTO `sys_menu` VALUES (1035, '公告查询', 107, 1, '#', '', '', '', 1, 0, 'F', '0', '0', 'system:notice:query', '#', 'admin', '2026-05-15 18:28:13', '', NULL, '');
INSERT INTO `sys_menu` VALUES (1036, '公告新增', 107, 2, '#', '', '', '', 1, 0, 'F', '0', '0', 'system:notice:add', '#', 'admin', '2026-05-15 18:28:13', '', NULL, '');
INSERT INTO `sys_menu` VALUES (1037, '公告修改', 107, 3, '#', '', '', '', 1, 0, 'F', '0', '0', 'system:notice:edit', '#', 'admin', '2026-05-15 18:28:13', '', NULL, '');
INSERT INTO `sys_menu` VALUES (1038, '公告删除', 107, 4, '#', '', '', '', 1, 0, 'F', '0', '0', 'system:notice:remove', '#', 'admin', '2026-05-15 18:28:13', '', NULL, '');
INSERT INTO `sys_menu` VALUES (1039, '操作查询', 500, 1, '#', '', '', '', 1, 0, 'F', '0', '0', 'monitor:operlog:query', '#', 'admin', '2026-05-15 18:28:13', '', NULL, '');
INSERT INTO `sys_menu` VALUES (1040, '操作删除', 500, 2, '#', '', '', '', 1, 0, 'F', '0', '0', 'monitor:operlog:remove', '#', 'admin', '2026-05-15 18:28:13', '', NULL, '');
INSERT INTO `sys_menu` VALUES (1041, '日志导出', 500, 3, '#', '', '', '', 1, 0, 'F', '0', '0', 'monitor:operlog:export', '#', 'admin', '2026-05-15 18:28:13', '', NULL, '');
INSERT INTO `sys_menu` VALUES (1042, '登录查询', 501, 1, '#', '', '', '', 1, 0, 'F', '0', '0', 'monitor:logininfor:query', '#', 'admin', '2026-05-15 18:28:13', '', NULL, '');
INSERT INTO `sys_menu` VALUES (1043, '登录删除', 501, 2, '#', '', '', '', 1, 0, 'F', '0', '0', 'monitor:logininfor:remove', '#', 'admin', '2026-05-15 18:28:13', '', NULL, '');
INSERT INTO `sys_menu` VALUES (1044, '日志导出', 501, 3, '#', '', '', '', 1, 0, 'F', '0', '0', 'monitor:logininfor:export', '#', 'admin', '2026-05-15 18:28:13', '', NULL, '');
INSERT INTO `sys_menu` VALUES (1045, '账户解锁', 501, 4, '#', '', '', '', 1, 0, 'F', '0', '0', 'monitor:logininfor:unlock', '#', 'admin', '2026-05-15 18:28:13', '', NULL, '');
INSERT INTO `sys_menu` VALUES (1046, '在线查询', 109, 1, '#', '', '', '', 1, 0, 'F', '0', '0', 'monitor:online:query', '#', 'admin', '2026-05-15 18:28:13', '', NULL, '');
INSERT INTO `sys_menu` VALUES (1047, '批量强退', 109, 2, '#', '', '', '', 1, 0, 'F', '0', '0', 'monitor:online:batchLogout', '#', 'admin', '2026-05-15 18:28:13', '', NULL, '');
INSERT INTO `sys_menu` VALUES (1048, '单条强退', 109, 3, '#', '', '', '', 1, 0, 'F', '0', '0', 'monitor:online:forceLogout', '#', 'admin', '2026-05-15 18:28:13', '', NULL, '');
INSERT INTO `sys_menu` VALUES (1049, '任务查询', 110, 1, '#', '', '', '', 1, 0, 'F', '0', '0', 'monitor:job:query', '#', 'admin', '2026-05-15 18:28:13', '', NULL, '');
INSERT INTO `sys_menu` VALUES (1050, '任务新增', 110, 2, '#', '', '', '', 1, 0, 'F', '0', '0', 'monitor:job:add', '#', 'admin', '2026-05-15 18:28:13', '', NULL, '');
INSERT INTO `sys_menu` VALUES (1051, '任务修改', 110, 3, '#', '', '', '', 1, 0, 'F', '0', '0', 'monitor:job:edit', '#', 'admin', '2026-05-15 18:28:13', '', NULL, '');
INSERT INTO `sys_menu` VALUES (1052, '任务删除', 110, 4, '#', '', '', '', 1, 0, 'F', '0', '0', 'monitor:job:remove', '#', 'admin', '2026-05-15 18:28:13', '', NULL, '');
INSERT INTO `sys_menu` VALUES (1053, '状态修改', 110, 5, '#', '', '', '', 1, 0, 'F', '0', '0', 'monitor:job:changeStatus', '#', 'admin', '2026-05-15 18:28:13', '', NULL, '');
INSERT INTO `sys_menu` VALUES (1054, '任务导出', 110, 6, '#', '', '', '', 1, 0, 'F', '0', '0', 'monitor:job:export', '#', 'admin', '2026-05-15 18:28:13', '', NULL, '');
INSERT INTO `sys_menu` VALUES (1055, '生成查询', 116, 1, '#', '', '', '', 1, 0, 'F', '0', '0', 'tool:gen:query', '#', 'admin', '2026-05-15 18:28:13', '', NULL, '');
INSERT INTO `sys_menu` VALUES (1056, '生成修改', 116, 2, '#', '', '', '', 1, 0, 'F', '0', '0', 'tool:gen:edit', '#', 'admin', '2026-05-15 18:28:13', '', NULL, '');
INSERT INTO `sys_menu` VALUES (1057, '生成删除', 116, 3, '#', '', '', '', 1, 0, 'F', '0', '0', 'tool:gen:remove', '#', 'admin', '2026-05-15 18:28:13', '', NULL, '');
INSERT INTO `sys_menu` VALUES (1058, '导入代码', 116, 4, '#', '', '', '', 1, 0, 'F', '0', '0', 'tool:gen:import', '#', 'admin', '2026-05-15 18:28:13', '', NULL, '');
INSERT INTO `sys_menu` VALUES (1059, '预览代码', 116, 5, '#', '', '', '', 1, 0, 'F', '0', '0', 'tool:gen:preview', '#', 'admin', '2026-05-15 18:28:13', '', NULL, '');
INSERT INTO `sys_menu` VALUES (1060, '生成代码', 116, 6, '#', '', '', '', 1, 0, 'F', '0', '0', 'tool:gen:code', '#', 'admin', '2026-05-15 18:28:13', '', NULL, '');
INSERT INTO `sys_menu` VALUES (1061, '模型查询', 118, 1, '#', '', '', '', 1, 0, 'F', '0', '0', 'ai:model:query', '#', 'admin', '2026-05-15 18:28:13', '', NULL, '');
INSERT INTO `sys_menu` VALUES (1062, '模型新增', 118, 2, '#', '', '', '', 1, 0, 'F', '0', '0', 'ai:model:add', '#', 'admin', '2026-05-15 18:28:13', '', NULL, '');
INSERT INTO `sys_menu` VALUES (1063, '模型修改', 118, 3, '#', '', '', '', 1, 0, 'F', '0', '0', 'ai:model:edit', '#', 'admin', '2026-05-15 18:28:13', '', NULL, '');
INSERT INTO `sys_menu` VALUES (1064, '模型删除', 118, 4, '#', '', '', '', 1, 0, 'F', '0', '0', 'ai:model:remove', '#', 'admin', '2026-05-15 18:28:13', '', NULL, '');
INSERT INTO `sys_menu` VALUES (2300, '短剧平台', 0, 5, 'shortdrama', NULL, '', 'shortdrama', 1, 0, 'M', '0', '0', '', 'video-camera', 'admin', '2026-05-18 16:22:42', '', NULL, 'AI 互动短剧');
INSERT INTO `sys_menu` VALUES (2301, '数据看板', 2300, 1, 'dashboard', 'drama/dashboard/index', '', 'DramaDashboard', 1, 0, 'C', '0', '0', 'sdrama:dashboard:view', 'dashboard', 'admin', '2026-05-18 16:22:42', '', NULL, '');
INSERT INTO `sys_menu` VALUES (2302, '短剧管理', 2300, 2, 'item', 'drama/drama/index', '', 'DramaItem', 1, 0, 'C', '0', '0', 'sdrama:drama:list', 'list', 'admin', '2026-05-18 16:22:42', '', NULL, '');
INSERT INTO `sys_menu` VALUES (2303, '视频节点', 2300, 3, 'video-node', 'drama/videoNode/index', '', 'DramaVideoNode', 1, 0, 'C', '0', '0', 'sdrama:node:list', 'tree', 'admin', '2026-05-18 16:22:42', '', NULL, '');
INSERT INTO `sys_menu` VALUES (2304, '评价审核', 2300, 4, 'review', 'drama/review/index', '', 'DramaReview', 1, 0, 'C', '0', '0', 'sdrama:review:list', 'message', 'admin', '2026-05-18 16:22:42', '', NULL, '');
INSERT INTO `sys_menu` VALUES (2305, '广告管理', 2300, 5, 'ad', 'drama/ad/index', '', 'DramaAd', 1, 0, 'C', '0', '0', 'sdrama:ad:list', 'guide', 'admin', '2026-05-18 16:22:42', '', NULL, '');
INSERT INTO `sys_menu` VALUES (2306, 'C端用户', 2300, 6, 'app-user', 'drama/appUser/index', '', 'DramaAppUser', 1, 0, 'C', '0', '0', 'sdrama:appuser:list', 'peoples', 'admin', '2026-05-18 16:22:42', '', NULL, '');
INSERT INTO `sys_menu` VALUES (2310, '短剧新增', 2302, 1, '', '', '', '', 1, 0, 'F', '0', '0', 'sdrama:drama:add', '#', 'admin', '2026-05-18 16:22:42', '', NULL, '');
INSERT INTO `sys_menu` VALUES (2311, '短剧修改', 2302, 2, '', '', '', '', 1, 0, 'F', '0', '0', 'sdrama:drama:edit', '#', 'admin', '2026-05-18 16:22:42', '', NULL, '');
INSERT INTO `sys_menu` VALUES (2312, '短剧删除', 2302, 3, '', '', '', '', 1, 0, 'F', '0', '0', 'sdrama:drama:remove', '#', 'admin', '2026-05-18 16:22:42', '', NULL, '');
INSERT INTO `sys_menu` VALUES (2313, '节点新增', 2303, 1, '', '', '', '', 1, 0, 'F', '0', '0', 'sdrama:node:add', '#', 'admin', '2026-05-18 16:22:42', '', NULL, '');
INSERT INTO `sys_menu` VALUES (2314, '节点修改', 2303, 2, '', '', '', '', 1, 0, 'F', '0', '0', 'sdrama:node:edit', '#', 'admin', '2026-05-18 16:22:42', '', NULL, '');
INSERT INTO `sys_menu` VALUES (2315, '节点删除', 2303, 3, '', '', '', '', 1, 0, 'F', '0', '0', 'sdrama:node:remove', '#', 'admin', '2026-05-18 16:22:42', '', NULL, '');
INSERT INTO `sys_menu` VALUES (2316, '选项新增', 2303, 4, '', '', '', '', 1, 0, 'F', '0', '0', 'sdrama:choice:add', '#', 'admin', '2026-05-18 16:22:42', '', NULL, '');
INSERT INTO `sys_menu` VALUES (2317, '审核操作', 2304, 1, '', '', '', '', 1, 0, 'F', '0', '0', 'sdrama:review:audit', '#', 'admin', '2026-05-18 16:22:42', '', NULL, '');
INSERT INTO `sys_menu` VALUES (2318, '上传签名', 2303, 5, '', '', '', '', 1, 0, 'F', '0', '0', 'sdrama:upload:sign', '#', 'admin', '2026-05-18 16:22:42', '', NULL, '');
INSERT INTO `sys_menu` VALUES (2319, '上传完成', 2303, 6, '', '', '', '', 1, 0, 'F', '0', '0', 'sdrama:upload:complete', '#', 'admin', '2026-05-18 16:22:42', '', NULL, '');
INSERT INTO `sys_menu` VALUES (2320, '评论管理', 2300, 7, 'comment', 'drama/comment/index', '', 'DramaComment', 1, 0, 'C', '0', '0', 'sdrama:comment:list', 'chat-dot-square', 'admin', '2026-05-15 18:29:40', '', NULL, '');
INSERT INTO `sys_menu` VALUES (2321, '上传文件', 2300, 8, 'upload-file', 'drama/uploadFile/index', '', 'DramaUploadFile', 1, 0, 'C', '0', '0', 'sdrama:upload:list', 'upload', 'admin', '2026-05-15 18:29:40', '', NULL, '');
INSERT INTO `sys_menu` VALUES (2322, '视频审核', 2300, 9, 'video-audit', 'drama/videoAudit/index', '', 'DramaVideoAudit', 1, 0, 'C', '0', '0', 'sdrama:video_audit:list', 'video-camera', 'admin', '2026-05-15 18:29:40', '', NULL, '');
INSERT INTO `sys_menu` VALUES (2325, '评论删除', 2320, 1, '', '', '', '', 1, 0, 'F', '0', '0', 'sdrama:comment:remove', '#', 'admin', '2026-05-15 18:29:40', '', NULL, '');
INSERT INTO `sys_menu` VALUES (2326, '评论屏蔽', 2320, 2, '', '', '', '', 1, 0, 'F', '0', '0', 'sdrama:comment:hide', '#', 'admin', '2026-05-15 18:29:40', '', NULL, '');

-- ----------------------------
-- Table structure for sys_notice
-- ----------------------------
DROP TABLE IF EXISTS `sys_notice`;
CREATE TABLE `sys_notice`  (
  `notice_id` int NOT NULL AUTO_INCREMENT COMMENT '公告ID',
  `notice_title` varchar(50) CHARACTER SET utf8mb4 COLLATE utf8mb4_croatian_ci NOT NULL COMMENT '公告标题',
  `notice_type` char(1) CHARACTER SET utf8mb4 COLLATE utf8mb4_croatian_ci NOT NULL COMMENT '公告类型（1通知 2公告）',
  `notice_content` longblob NULL COMMENT '公告内容',
  `status` char(1) CHARACTER SET utf8mb4 COLLATE utf8mb4_croatian_ci NULL DEFAULT '0' COMMENT '公告状态（0正常 1关闭）',
  `create_by` varchar(64) CHARACTER SET utf8mb4 COLLATE utf8mb4_croatian_ci NULL DEFAULT '' COMMENT '创建者',
  `create_time` datetime NULL DEFAULT NULL COMMENT '创建时间',
  `update_by` varchar(64) CHARACTER SET utf8mb4 COLLATE utf8mb4_croatian_ci NULL DEFAULT '' COMMENT '更新者',
  `update_time` datetime NULL DEFAULT NULL COMMENT '更新时间',
  `remark` varchar(255) CHARACTER SET utf8mb4 COLLATE utf8mb4_croatian_ci NULL DEFAULT NULL COMMENT '备注',
  PRIMARY KEY (`notice_id`) USING BTREE
) ENGINE = InnoDB AUTO_INCREMENT = 10 CHARACTER SET = utf8mb4 COLLATE = utf8mb4_croatian_ci COMMENT = '通知公告表' ROW_FORMAT = Dynamic;

-- ----------------------------
-- Records of sys_notice
-- ----------------------------
INSERT INTO `sys_notice` VALUES (1, '温馨提醒：2018-07-01 vfadmin新版本发布啦', '2', 0xE696B0E78988E69CACE58685E5AEB9, '0', 'admin', '2026-05-15 18:28:14', '', NULL, '管理员');
INSERT INTO `sys_notice` VALUES (2, '维护通知：2018-07-01 vfadmin系统凌晨维护', '1', 0xE7BBB4E68AA4E58685E5AEB9, '0', 'admin', '2026-05-15 18:28:14', '', NULL, '管理员');

-- ----------------------------
-- Table structure for sys_oper_log
-- ----------------------------
DROP TABLE IF EXISTS `sys_oper_log`;
CREATE TABLE `sys_oper_log`  (
  `oper_id` bigint NOT NULL AUTO_INCREMENT COMMENT '日志主键',
  `title` varchar(50) CHARACTER SET utf8mb4 COLLATE utf8mb4_croatian_ci NULL DEFAULT '' COMMENT '模块标题',
  `business_type` int NULL DEFAULT 0 COMMENT '业务类型（0其它 1新增 2修改 3删除）',
  `method` varchar(100) CHARACTER SET utf8mb4 COLLATE utf8mb4_croatian_ci NULL DEFAULT '' COMMENT '方法名称',
  `request_method` varchar(10) CHARACTER SET utf8mb4 COLLATE utf8mb4_croatian_ci NULL DEFAULT '' COMMENT '请求方式',
  `operator_type` int NULL DEFAULT 0 COMMENT '操作类别（0其它 1后台用户 2手机端用户）',
  `oper_name` varchar(50) CHARACTER SET utf8mb4 COLLATE utf8mb4_croatian_ci NULL DEFAULT '' COMMENT '操作人员',
  `dept_name` varchar(50) CHARACTER SET utf8mb4 COLLATE utf8mb4_croatian_ci NULL DEFAULT '' COMMENT '部门名称',
  `oper_url` varchar(255) CHARACTER SET utf8mb4 COLLATE utf8mb4_croatian_ci NULL DEFAULT '' COMMENT '请求URL',
  `oper_ip` varchar(128) CHARACTER SET utf8mb4 COLLATE utf8mb4_croatian_ci NULL DEFAULT '' COMMENT '主机地址',
  `oper_location` varchar(255) CHARACTER SET utf8mb4 COLLATE utf8mb4_croatian_ci NULL DEFAULT '' COMMENT '操作地点',
  `oper_param` varchar(2000) CHARACTER SET utf8mb4 COLLATE utf8mb4_croatian_ci NULL DEFAULT '' COMMENT '请求参数',
  `json_result` varchar(2000) CHARACTER SET utf8mb4 COLLATE utf8mb4_croatian_ci NULL DEFAULT '' COMMENT '返回参数',
  `status` int NULL DEFAULT 0 COMMENT '操作状态（0正常 1异常）',
  `error_msg` varchar(2000) CHARACTER SET utf8mb4 COLLATE utf8mb4_croatian_ci NULL DEFAULT '' COMMENT '错误消息',
  `oper_time` datetime NULL DEFAULT NULL COMMENT '操作时间',
  `cost_time` bigint NULL DEFAULT 0 COMMENT '消耗时间',
  PRIMARY KEY (`oper_id`) USING BTREE,
  INDEX `idx_sys_oper_log_bt`(`business_type` ASC) USING BTREE,
  INDEX `idx_sys_oper_log_s`(`status` ASC) USING BTREE,
  INDEX `idx_sys_oper_log_ot`(`oper_time` ASC) USING BTREE
) ENGINE = InnoDB AUTO_INCREMENT = 100 CHARACTER SET = utf8mb4 COLLATE = utf8mb4_croatian_ci COMMENT = '操作日志记录' ROW_FORMAT = Dynamic;

-- ----------------------------
-- Records of sys_oper_log
-- ----------------------------

-- ----------------------------
-- Table structure for sys_post
-- ----------------------------
DROP TABLE IF EXISTS `sys_post`;
CREATE TABLE `sys_post`  (
  `post_id` bigint NOT NULL AUTO_INCREMENT COMMENT '岗位ID',
  `post_code` varchar(64) CHARACTER SET utf8mb4 COLLATE utf8mb4_croatian_ci NOT NULL COMMENT '岗位编码',
  `post_name` varchar(50) CHARACTER SET utf8mb4 COLLATE utf8mb4_croatian_ci NOT NULL COMMENT '岗位名称',
  `post_sort` int NOT NULL COMMENT '显示顺序',
  `status` char(1) CHARACTER SET utf8mb4 COLLATE utf8mb4_croatian_ci NOT NULL COMMENT '状态（0正常 1停用）',
  `create_by` varchar(64) CHARACTER SET utf8mb4 COLLATE utf8mb4_croatian_ci NULL DEFAULT '' COMMENT '创建者',
  `create_time` datetime NULL DEFAULT NULL COMMENT '创建时间',
  `update_by` varchar(64) CHARACTER SET utf8mb4 COLLATE utf8mb4_croatian_ci NULL DEFAULT '' COMMENT '更新者',
  `update_time` datetime NULL DEFAULT NULL COMMENT '更新时间',
  `remark` varchar(500) CHARACTER SET utf8mb4 COLLATE utf8mb4_croatian_ci NULL DEFAULT NULL COMMENT '备注',
  PRIMARY KEY (`post_id`) USING BTREE
) ENGINE = InnoDB AUTO_INCREMENT = 4 CHARACTER SET = utf8mb4 COLLATE = utf8mb4_croatian_ci COMMENT = '岗位信息表' ROW_FORMAT = Dynamic;

-- ----------------------------
-- Records of sys_post
-- ----------------------------
INSERT INTO `sys_post` VALUES (1, 'ceo', '董事长', 1, '0', 'admin', '2026-05-15 18:28:13', '', NULL, '');
INSERT INTO `sys_post` VALUES (2, 'se', '项目经理', 2, '0', 'admin', '2026-05-15 18:28:13', '', NULL, '');
INSERT INTO `sys_post` VALUES (3, 'hr', '人力资源', 3, '0', 'admin', '2026-05-15 18:28:13', '', NULL, '');
INSERT INTO `sys_post` VALUES (4, 'user', '普通员工', 4, '0', 'admin', '2026-05-15 18:28:13', '', NULL, '');

-- ----------------------------
-- Table structure for sys_role
-- ----------------------------
DROP TABLE IF EXISTS `sys_role`;
CREATE TABLE `sys_role`  (
  `role_id` bigint NOT NULL AUTO_INCREMENT COMMENT '角色ID',
  `role_name` varchar(30) CHARACTER SET utf8mb4 COLLATE utf8mb4_croatian_ci NOT NULL COMMENT '角色名称',
  `role_key` varchar(100) CHARACTER SET utf8mb4 COLLATE utf8mb4_croatian_ci NOT NULL COMMENT '角色权限字符串',
  `role_sort` int NOT NULL COMMENT '显示顺序',
  `data_scope` char(1) CHARACTER SET utf8mb4 COLLATE utf8mb4_croatian_ci NULL DEFAULT '1' COMMENT '数据范围（1：全部数据权限 2：自定数据权限 3：本部门数据权限 4：本部门及以下数据权限）',
  `menu_check_strictly` tinyint(1) NULL DEFAULT 1 COMMENT '菜单树选择项是否关联显示',
  `dept_check_strictly` tinyint(1) NULL DEFAULT 1 COMMENT '部门树选择项是否关联显示',
  `status` char(1) CHARACTER SET utf8mb4 COLLATE utf8mb4_croatian_ci NOT NULL COMMENT '角色状态（0正常 1停用）',
  `del_flag` char(1) CHARACTER SET utf8mb4 COLLATE utf8mb4_croatian_ci NULL DEFAULT '0' COMMENT '删除标志（0代表存在 2代表删除）',
  `create_by` varchar(64) CHARACTER SET utf8mb4 COLLATE utf8mb4_croatian_ci NULL DEFAULT '' COMMENT '创建者',
  `create_time` datetime NULL DEFAULT NULL COMMENT '创建时间',
  `update_by` varchar(64) CHARACTER SET utf8mb4 COLLATE utf8mb4_croatian_ci NULL DEFAULT '' COMMENT '更新者',
  `update_time` datetime NULL DEFAULT NULL COMMENT '更新时间',
  `remark` varchar(500) CHARACTER SET utf8mb4 COLLATE utf8mb4_croatian_ci NULL DEFAULT NULL COMMENT '备注',
  PRIMARY KEY (`role_id`) USING BTREE
) ENGINE = InnoDB AUTO_INCREMENT = 100 CHARACTER SET = utf8mb4 COLLATE = utf8mb4_croatian_ci COMMENT = '角色信息表' ROW_FORMAT = Dynamic;

-- ----------------------------
-- Records of sys_role
-- ----------------------------
INSERT INTO `sys_role` VALUES (1, '超级管理员', 'admin', 1, '1', 1, 1, '0', '0', 'admin', '2026-05-15 18:28:13', '', NULL, '超级管理员');
INSERT INTO `sys_role` VALUES (2, '普通角色', 'common', 2, '2', 1, 1, '0', '0', 'admin', '2026-05-15 18:28:13', '', NULL, '普通角色');

-- ----------------------------
-- Table structure for sys_role_dept
-- ----------------------------
DROP TABLE IF EXISTS `sys_role_dept`;
CREATE TABLE `sys_role_dept`  (
  `role_id` bigint NOT NULL COMMENT '角色ID',
  `dept_id` bigint NOT NULL COMMENT '部门ID',
  PRIMARY KEY (`role_id`, `dept_id`) USING BTREE
) ENGINE = InnoDB CHARACTER SET = utf8mb4 COLLATE = utf8mb4_croatian_ci COMMENT = '角色和部门关联表' ROW_FORMAT = Dynamic;

-- ----------------------------
-- Records of sys_role_dept
-- ----------------------------
INSERT INTO `sys_role_dept` VALUES (2, 100);
INSERT INTO `sys_role_dept` VALUES (2, 101);
INSERT INTO `sys_role_dept` VALUES (2, 105);

-- ----------------------------
-- Table structure for sys_role_menu
-- ----------------------------
DROP TABLE IF EXISTS `sys_role_menu`;
CREATE TABLE `sys_role_menu`  (
  `role_id` bigint NOT NULL COMMENT '角色ID',
  `menu_id` bigint NOT NULL COMMENT '菜单ID',
  PRIMARY KEY (`role_id`, `menu_id`) USING BTREE
) ENGINE = InnoDB CHARACTER SET = utf8mb4 COLLATE = utf8mb4_croatian_ci COMMENT = '角色和菜单关联表' ROW_FORMAT = Dynamic;

-- ----------------------------
-- Records of sys_role_menu
-- ----------------------------
INSERT INTO `sys_role_menu` VALUES (2, 1);
INSERT INTO `sys_role_menu` VALUES (2, 2);
INSERT INTO `sys_role_menu` VALUES (2, 3);
INSERT INTO `sys_role_menu` VALUES (2, 4);
INSERT INTO `sys_role_menu` VALUES (2, 100);
INSERT INTO `sys_role_menu` VALUES (2, 101);
INSERT INTO `sys_role_menu` VALUES (2, 102);
INSERT INTO `sys_role_menu` VALUES (2, 103);
INSERT INTO `sys_role_menu` VALUES (2, 104);
INSERT INTO `sys_role_menu` VALUES (2, 105);
INSERT INTO `sys_role_menu` VALUES (2, 106);
INSERT INTO `sys_role_menu` VALUES (2, 107);
INSERT INTO `sys_role_menu` VALUES (2, 108);
INSERT INTO `sys_role_menu` VALUES (2, 109);
INSERT INTO `sys_role_menu` VALUES (2, 110);
INSERT INTO `sys_role_menu` VALUES (2, 111);
INSERT INTO `sys_role_menu` VALUES (2, 112);
INSERT INTO `sys_role_menu` VALUES (2, 113);
INSERT INTO `sys_role_menu` VALUES (2, 114);
INSERT INTO `sys_role_menu` VALUES (2, 115);
INSERT INTO `sys_role_menu` VALUES (2, 116);
INSERT INTO `sys_role_menu` VALUES (2, 117);
INSERT INTO `sys_role_menu` VALUES (2, 120);
INSERT INTO `sys_role_menu` VALUES (2, 500);
INSERT INTO `sys_role_menu` VALUES (2, 501);
INSERT INTO `sys_role_menu` VALUES (2, 1000);
INSERT INTO `sys_role_menu` VALUES (2, 1001);
INSERT INTO `sys_role_menu` VALUES (2, 1002);
INSERT INTO `sys_role_menu` VALUES (2, 1003);
INSERT INTO `sys_role_menu` VALUES (2, 1004);
INSERT INTO `sys_role_menu` VALUES (2, 1005);
INSERT INTO `sys_role_menu` VALUES (2, 1006);
INSERT INTO `sys_role_menu` VALUES (2, 1007);
INSERT INTO `sys_role_menu` VALUES (2, 1008);
INSERT INTO `sys_role_menu` VALUES (2, 1009);
INSERT INTO `sys_role_menu` VALUES (2, 1010);
INSERT INTO `sys_role_menu` VALUES (2, 1011);
INSERT INTO `sys_role_menu` VALUES (2, 1012);
INSERT INTO `sys_role_menu` VALUES (2, 1013);
INSERT INTO `sys_role_menu` VALUES (2, 1014);
INSERT INTO `sys_role_menu` VALUES (2, 1015);
INSERT INTO `sys_role_menu` VALUES (2, 1016);
INSERT INTO `sys_role_menu` VALUES (2, 1017);
INSERT INTO `sys_role_menu` VALUES (2, 1018);
INSERT INTO `sys_role_menu` VALUES (2, 1019);
INSERT INTO `sys_role_menu` VALUES (2, 1020);
INSERT INTO `sys_role_menu` VALUES (2, 1021);
INSERT INTO `sys_role_menu` VALUES (2, 1022);
INSERT INTO `sys_role_menu` VALUES (2, 1023);
INSERT INTO `sys_role_menu` VALUES (2, 1024);
INSERT INTO `sys_role_menu` VALUES (2, 1025);
INSERT INTO `sys_role_menu` VALUES (2, 1026);
INSERT INTO `sys_role_menu` VALUES (2, 1027);
INSERT INTO `sys_role_menu` VALUES (2, 1028);
INSERT INTO `sys_role_menu` VALUES (2, 1029);
INSERT INTO `sys_role_menu` VALUES (2, 1030);
INSERT INTO `sys_role_menu` VALUES (2, 1031);
INSERT INTO `sys_role_menu` VALUES (2, 1032);
INSERT INTO `sys_role_menu` VALUES (2, 1033);
INSERT INTO `sys_role_menu` VALUES (2, 1034);
INSERT INTO `sys_role_menu` VALUES (2, 1035);
INSERT INTO `sys_role_menu` VALUES (2, 1036);
INSERT INTO `sys_role_menu` VALUES (2, 1037);
INSERT INTO `sys_role_menu` VALUES (2, 1038);
INSERT INTO `sys_role_menu` VALUES (2, 1039);
INSERT INTO `sys_role_menu` VALUES (2, 1040);
INSERT INTO `sys_role_menu` VALUES (2, 1041);
INSERT INTO `sys_role_menu` VALUES (2, 1042);
INSERT INTO `sys_role_menu` VALUES (2, 1043);
INSERT INTO `sys_role_menu` VALUES (2, 1044);
INSERT INTO `sys_role_menu` VALUES (2, 1045);
INSERT INTO `sys_role_menu` VALUES (2, 1046);
INSERT INTO `sys_role_menu` VALUES (2, 1047);
INSERT INTO `sys_role_menu` VALUES (2, 1048);
INSERT INTO `sys_role_menu` VALUES (2, 1049);
INSERT INTO `sys_role_menu` VALUES (2, 1050);
INSERT INTO `sys_role_menu` VALUES (2, 1051);
INSERT INTO `sys_role_menu` VALUES (2, 1052);
INSERT INTO `sys_role_menu` VALUES (2, 1053);
INSERT INTO `sys_role_menu` VALUES (2, 1054);
INSERT INTO `sys_role_menu` VALUES (2, 1055);
INSERT INTO `sys_role_menu` VALUES (2, 1056);
INSERT INTO `sys_role_menu` VALUES (2, 1057);
INSERT INTO `sys_role_menu` VALUES (2, 1058);
INSERT INTO `sys_role_menu` VALUES (2, 1059);
INSERT INTO `sys_role_menu` VALUES (2, 1060);
INSERT INTO `sys_role_menu` VALUES (2, 2320);
INSERT INTO `sys_role_menu` VALUES (2, 2321);
INSERT INTO `sys_role_menu` VALUES (2, 2322);
INSERT INTO `sys_role_menu` VALUES (2, 2325);
INSERT INTO `sys_role_menu` VALUES (2, 2326);

-- ----------------------------
-- Table structure for sys_user
-- ----------------------------
DROP TABLE IF EXISTS `sys_user`;
CREATE TABLE `sys_user`  (
  `user_id` bigint NOT NULL AUTO_INCREMENT COMMENT '用户ID',
  `dept_id` bigint NULL DEFAULT NULL COMMENT '部门ID',
  `user_name` varchar(30) CHARACTER SET utf8mb4 COLLATE utf8mb4_croatian_ci NOT NULL COMMENT '用户账号',
  `nick_name` varchar(30) CHARACTER SET utf8mb4 COLLATE utf8mb4_croatian_ci NOT NULL COMMENT '用户昵称',
  `user_type` varchar(2) CHARACTER SET utf8mb4 COLLATE utf8mb4_croatian_ci NULL DEFAULT '00' COMMENT '用户类型（00系统用户）',
  `email` varchar(50) CHARACTER SET utf8mb4 COLLATE utf8mb4_croatian_ci NULL DEFAULT '' COMMENT '用户邮箱',
  `phonenumber` varchar(11) CHARACTER SET utf8mb4 COLLATE utf8mb4_croatian_ci NULL DEFAULT '' COMMENT '手机号码',
  `sex` char(1) CHARACTER SET utf8mb4 COLLATE utf8mb4_croatian_ci NULL DEFAULT '0' COMMENT '用户性别（0男 1女 2未知）',
  `avatar` varchar(100) CHARACTER SET utf8mb4 COLLATE utf8mb4_croatian_ci NULL DEFAULT '' COMMENT '头像地址',
  `password` varchar(100) CHARACTER SET utf8mb4 COLLATE utf8mb4_croatian_ci NULL DEFAULT '' COMMENT '密码',
  `status` char(1) CHARACTER SET utf8mb4 COLLATE utf8mb4_croatian_ci NULL DEFAULT '0' COMMENT '帐号状态（0正常 1停用）',
  `del_flag` char(1) CHARACTER SET utf8mb4 COLLATE utf8mb4_croatian_ci NULL DEFAULT '0' COMMENT '删除标志（0代表存在 2代表删除）',
  `login_ip` varchar(128) CHARACTER SET utf8mb4 COLLATE utf8mb4_croatian_ci NULL DEFAULT '' COMMENT '最后登录IP',
  `login_date` datetime NULL DEFAULT NULL COMMENT '最后登录时间',
  `pwd_update_date` datetime NULL DEFAULT NULL COMMENT '密码最后更新时间',
  `create_by` varchar(64) CHARACTER SET utf8mb4 COLLATE utf8mb4_croatian_ci NULL DEFAULT '' COMMENT '创建者',
  `create_time` datetime NULL DEFAULT NULL COMMENT '创建时间',
  `update_by` varchar(64) CHARACTER SET utf8mb4 COLLATE utf8mb4_croatian_ci NULL DEFAULT '' COMMENT '更新者',
  `update_time` datetime NULL DEFAULT NULL COMMENT '更新时间',
  `remark` varchar(500) CHARACTER SET utf8mb4 COLLATE utf8mb4_croatian_ci NULL DEFAULT NULL COMMENT '备注',
  PRIMARY KEY (`user_id`) USING BTREE
) ENGINE = InnoDB AUTO_INCREMENT = 100 CHARACTER SET = utf8mb4 COLLATE = utf8mb4_croatian_ci COMMENT = '用户信息表' ROW_FORMAT = Dynamic;

-- ----------------------------
-- Records of sys_user
-- ----------------------------
INSERT INTO `sys_user` VALUES (1, 103, 'admin', '超级管理员', '00', 'niangao@163.com', '15888888888', '1', '', '$2a$10$7JB720yubVSZvUI0rEqK/.VqGOZTH.ulu33dHOiBE8ByOhJIrdAu2', '0', '0', '127.0.0.1', '2026-05-18 16:19:26', '2026-05-15 18:28:13', 'admin', '2026-05-15 18:28:13', '', NULL, '管理员');
INSERT INTO `sys_user` VALUES (2, 105, 'niangao', '年糕', '00', 'niangao@qq.com', '15666666666', '1', '', '$2a$10$7JB720yubVSZvUI0rEqK/.VqGOZTH.ulu33dHOiBE8ByOhJIrdAu2', '0', '0', '127.0.0.1', '2026-05-15 18:28:13', '2026-05-15 18:28:13', 'admin', '2026-05-15 18:28:13', '', NULL, '测试员');

-- ----------------------------
-- Table structure for sys_user_post
-- ----------------------------
DROP TABLE IF EXISTS `sys_user_post`;
CREATE TABLE `sys_user_post`  (
  `user_id` bigint NOT NULL COMMENT '用户ID',
  `post_id` bigint NOT NULL COMMENT '岗位ID',
  PRIMARY KEY (`user_id`, `post_id`) USING BTREE
) ENGINE = InnoDB CHARACTER SET = utf8mb4 COLLATE = utf8mb4_croatian_ci COMMENT = '用户与岗位关联表' ROW_FORMAT = Dynamic;

-- ----------------------------
-- Records of sys_user_post
-- ----------------------------
INSERT INTO `sys_user_post` VALUES (1, 1);
INSERT INTO `sys_user_post` VALUES (2, 2);

-- ----------------------------
-- Table structure for sys_user_role
-- ----------------------------
DROP TABLE IF EXISTS `sys_user_role`;
CREATE TABLE `sys_user_role`  (
  `user_id` bigint NOT NULL COMMENT '用户ID',
  `role_id` bigint NOT NULL COMMENT '角色ID',
  PRIMARY KEY (`user_id`, `role_id`) USING BTREE
) ENGINE = InnoDB CHARACTER SET = utf8mb4 COLLATE = utf8mb4_croatian_ci COMMENT = '用户和角色关联表' ROW_FORMAT = Dynamic;

-- ----------------------------
-- Records of sys_user_role
-- ----------------------------
INSERT INTO `sys_user_role` VALUES (1, 1);
INSERT INTO `sys_user_role` VALUES (2, 2);

SET FOREIGN_KEY_CHECKS = 1;
